企业名称,股票代码,旧名称,登记状态,注册资本,参保人数,参保人数所属年报,通信地址,统一社会信用代码,企业规模,成立日期,所属省份,所属城市,所属区县,邮箱,更多邮箱,注册号,纳税人资质,企业（机构）类型,国标行业门类,国标行业大类,国标行业中类,国标行业小类,企查查行业门类,企查查行业大类,企查查行业中类,企查查行业小类,企业地址,曾用名,英文名,经营范围
碧桂园,02007,碧桂园,存续,,,,,,,,,,,,,,,,,,,,,,,,,,,
恒大集团有限公司,03333,恒大集团有限公司,存续,,,,,,,,,,,,,,,,,,,,,,,,,,,
大悦城控股集团股份有限公司,000031,大悦城控股集团股份有限公司,在业,,,,,,,,,,,,,,,,,,,,,,,,,,,
南都物业,603506,南都物业,存续,,,,,,,,,,,,,,,,,,,,,,,,,,,
四川蓝光发展股份有限公司,600466,四川蓝光发展股份有限公司,存续,,,,,,,,,,,,,,,,,,,,,,,,,,,
"江苏中南建设集团股份有限公司
",000961,"江苏中南建设集团股份有限公司
",存续,,,,,,,,,,,,,,,,,,,,,,,,,,,
华夏幸福基业股份有限公司,SH600340,华夏幸福基业股份有限公司,存续,391438.1782万元人民币,29,2022年报,-,911310006096709523,L(大型),1993-05-28,河北省,廊坊市,固安县,gongsilianxiren@cfldcn.com,ir@cfldcn.com,131000000030087,增值税一般纳税人,其他股份有限公司（上市）,租赁和商务服务业,商务服务业,组织管理服务,投资与资产管理,房地产,房地产开发,产业地产,-,河北省固安县京开路西侧三号路北侧一号,华夏幸福基业投资开发股份有限公司,"China Fortune Land Development Co., Ltd.",对房地产、工业园区及基础设施建设投资；房地产中介服务；提供施工设备服务；企业管理咨询；生物医药研发，科技技术推广、服务。
北京电子城高科技集团股份有限公司,SH600658,北京电子城投资开发集团股份有限公司,存续,111858.5045万元人民币,175,2022年报,-,91110000101514043Y,L(大型),1986-12-24,北京市,北京市,朝阳区,bez@bez.com.cn,wangzx@bez.com.cn;chenxy@bez.com.cn;GYL@bez.com.cn;guoyl@bez.com.cn,110000001007641,增值税一般纳税人,其他股份有限公司（上市）,科学研究和技术服务业,科技推广和应用服务业,技术推广服务,其他技术推广服务,房地产,房地产开发,产业地产,-,北京市朝阳区酒仙桥路6号院5号楼15层1508室,"北京电子城投资开发集团股份有限公司,
北京电子城投资开发股份有限公司,
北京兆维科技股份有限公司,
北京市天龙股份有限公司","Beijing Electronic Zone High-tech Group Co., Ltd.",高新技术成果（企业）的孵化；投资及投资管理；房地产开发及商品房销售；物业管理；销售五金交电（不含电动自行车）、建筑材料；货物进出口、技术进出口、代理进出口；信息咨询（未经专项审批项目不得经营）；房地产经纪业务。（市场主体依法自主选择经营项目，开展经营活动；依法须经批准的项目，经相关部门批准后依批准的内容开展经营活动；不得从事国家和本市产业政策禁止和限制类项目的经营活动。）
京投发展股份有限公司,SH600683,京投发展股份有限公司,存续,74077.7597万元人民币,108,2022年报,北京北京市朝阳区建国门外大街2号北京银泰中心C座17层（王亚苹15810197022）,91330200144052096U,L(大型),1992-09-08,浙江省,宁波市,海曙区,wangyp@600683.com,shoujun@600683.com,330200000007765,增值税一般纳税人,其他股份有限公司（上市）,房地产业,房地产业,房地产开发经营,房地产开发经营,房地产,房地产开发,住宅开发,-,浙江省宁波市海曙区中山东路238号,"京投银泰股份有限公司,
银泰控股股份有限公司,
宁波华联集团股份有限公司",Metro Land Corporation Ltd.,房地产开发、经营及租赁。自营和代理货物和技术的进出口，但国家限制或禁止进出口的货物和技术除外；技术咨询、房地产咨询、实业投资及咨询。（依法须经批准的项目，经相关部门批准后方可开展经营活动）
黑牡丹（集团）股份有限公司,SH600510,黑牡丹(集团)股份有限公司,在业,104055.9801万元人民币,95,2022年报,-,913204001371876030,L(大型),1993-05-28,江苏省,常州市,天宁区,600510@blackpeony.com,bangongshi@blackpeony.com,320400000003727,增值税一般纳税人,股份有限公司（上市）,制造业,化学纤维制造业,纤维素纤维原料及纤维制造,-,房地产,房地产开发,住宅开发,-,常州市青洋北路47号,-,"Black Peony (Group) Co., Ltd.",针纺织品、服装的制造、加工，棉花收购、加工、销售；自营和代理各类商品和技术的进出口业务（国家限制或禁止公司进出口的商品和技术除外）；建筑材料、装潢材料、百货、五金、交电、化工产品（除危险品）、劳保用品、日用杂货（烟花爆竹除外）、针纺织品销售；对外投资服务。（依法须经批准的项目，经相关部门批准后方可开展经营活动）
北京中迪投资股份有限公司,SZ000609,北京中迪投资股份有限公司,存续,29926.5522万元人民币,8,2022年报,北京市朝阳区东三环南路1号院2号佳龙大厦十二层1201,911101061027678948,M(中型),1993-08-02,北京市,北京市,丰台区,zdinvest@zdinvest.com,admin@mainstreets.cn,110000005016609,一般纳税人,其他股份有限公司（上市）,租赁和商务服务业,商务服务业,组织管理服务,投资与资产管理,房地产,房地产开发,住宅开发,-,北京市丰台区海鹰路1号院六号楼5层,"北京绵石投资集团股份有限公司,
北京绵世投资集团股份有限公司,
北京燕化高新技术股份有限公司","Beijing Zodi Investment Co., Ltd.",投资及投资管理；房地产开发；物业管理；施工总承包；销售机械电子设备、五金交电、化工产品（不含危险化学品及一类易制毒化学品）、百货、建筑材料；货物进出口、技术进出口、代理进出口。（企业依法自主选择经营项目，开展经营活动；依法须经批准的项目，经相关部门批准后依批准的内容开展经营活动；不得从事本市产业政策禁止和限制类项目的经营活动。）
铁岭新城投资控股（集团）股份有限公司,SZ000809,铁岭新城投资控股(集团)股份有限公司,存续,82479.1293万元人民币,10,2022年报,辽宁省铁岭市新城区金沙江路12号,91211200201909093K,M(中型),1996-11-05,辽宁省,铁岭市,铁岭县,17126101@qq.com,zhaonan1106@163.com;tlxc809@163.com,510100000151631,-,其他股份有限公司（上市）,租赁和商务服务业,商务服务业,组织管理服务,企业总部管理,房地产,房地产开发,住宅开发,-,铁岭市凡河新区金沙江路12号,"铁岭新城投资控股股份有限公司,
四川中汇医药（集团）股份有限公司,
四川第一纺织股份有限公司",Tieling Newcity Investment Holding (Group) Limited,许可项目：建设工程施工。（依法须经批准的项目，经相关部门批准后方可开展经营活动，具体经营项目以相关部门批准文件或许可证件为准）一般项目：土地整治服务；企业管理咨询；风电场相关系统研发；风电场相关装备销售；技术服务、技术开发、技术咨询、技术交流、技术转让、技术推广。（除依法须经批准的项目外，凭营业执照依法自主开展经营活动）
深圳香江控股股份有限公司,SH600162,深圳香江控股股份有限公司,存续,326843.8122万元人民币,-,-,广州市番禺区番禺大道锦绣香江花园会所香江控股办公楼,91440300267146826U,L(大型),1994-01-30,广东省,深圳市,南山区,zhaohongjian@heungkong.com,dongchun@hkhc.com.cn;xiehengyang@hkhc.com.cn;hkhc@hkhc.com.cn,440301103050934,一般纳税人,上市股份有限公司,房地产业,房地产业,房地产开发经营,房地产开发经营,房地产,房地产开发,住宅开发,-,深圳市前海深港合作区南山街道兴海大道3046号香江金融大厦32楼-A1,-,"Shenzhen HeungKong Holding Co., Ltd.",一般经营项目是：投资兴办实业（具体项目另行申报）；物业管理；从事建筑工程和装饰工程的施工（须取得相应的资质证书后方可经营）；企业形象策划；酒店管理；国内商业、物资供销业（不含专营、专控、专卖商品）；经营进出口业务（法律、行政法规、国务院决定禁止的项目除外，限制的项目须取得许可后方可经营）；经济信息咨询（不含限制项目）；供应链管理。，许可经营项目是：仓储服务。
南京高科股份有限公司,SH600064,南京高科股份有限公司,在业,173033.9644万元人民币,62,2022年报,南京市栖霞区学津路8号,91320192134917922L,L(大型),1992-07-08,江苏省,南京市,栖霞区,sxjcjiahui@outlook.com,zgb0501@163.com;600064@600064.com,320192000001237,增值税一般纳税人,股份有限公司（上市）,房地产业,房地产业,-,-,房地产,房地产开发,住宅开发,-,南京经济技术开发区恒通大道2号,"南京新港高科技股份有限公司,
南京新港经济技术开发股份有限总公司,
南京新港股份有限公司",Nanjing Gaoke Company Limited,"许可项目：房地产开发经营；建设工程施工；建设工程监理（依法须经批准的项目，经相关部门批准后方可开展经营活动，具体经营项目以审批结果为准）
一般项目：股权投资；创业投资（限投资未上市企业）；以自有资金从事投资活动；企业总部管理；非居住房地产租赁；住房租赁；商业综合体管理服务；物业管理；土地整治服务；工程管理服务；市政设施管理；污水处理及其再生利用；水环境污染防治服务（除依法须经批准的项目外，凭营业执照依法自主开展经营活动）"
山子高科技股份有限公司,SZ000981,银亿股份有限公司,存续,999747.0888万元人民币,0,2022年报,浙江省宁波市鄞州区中山东路1800号国华金融中心42楼,91620000710207508J,L(大型),1998-08-31,甘肃省,兰州市,城关区,000981@sensteed.com,gzy8734@163.com,620000000005955,增值税一般纳税人,股份有限公司（上市）,制造业,-,-,-,房地产,房地产开发,住宅开发,-,甘肃省兰州市城关区高新技术开发区张苏滩573号八楼,"银亿股份有限公司,
银亿房地产股份有限公司,
甘肃兰光科技股份有限公司","Shanzi High-Tech Co., Ltd.",许可项目：房地产开发经营；住宅室内装饰装修；道路机动车辆生产。（依法须经批准的项目，经相关部门批准后方可开展经营活动，具体经营项目以相关部门批准文件或许可证件为准）***一般项目：物业管理；建筑材料销售；住房租赁；园林绿化工程施工；规划设计管理；新型建筑材料制造（不含危险化学品）；以自有资金从事投资活动；汽车零部件研发；工程和技术研究和试验发展；新能源汽车生产测试设备销售；汽车零部件及配件制造；汽车零配件零售；汽车零配件批发；新能源原动设备制造；新能源原动设备销售；汽车装饰用品制造；汽车装饰用品销售；电车制造；新能源汽车整车销售；智能车载设备制造；智能车载设备销售；半导体器件专用设备制造；半导体器件专用设备销售；智能无人飞行器制造；智能无人飞行器销售；智能机器人的研发；人工智能硬件销售；智能机器人销售；电力电子元器件制造；电力电子元器件销售；电子专用设备制造；导航终端制造；集成电路芯片及产品制造；集成电路芯片及产品销售；货币专用设备制造；集成电路制造；技术服务、技术开发、技术咨询、技术交流、技术转让、技术推广。（除依法须经批准的项目外，凭营业执照依法自主开展经营活动）
天津中绿电投资股份有限公司,SZ000537,天津广宇发展股份有限公司,存续,186252.072万元人民币,3,2022年报,北京市朝阳区朝外大街5号院10层,9112000010310067X6,L(大型),1986-03-05,天津市,天津市,滨海新区,tjgyfz@163.com,tjgyfz@yeah.net;TJGYFZ@126.COM,120000000002890,增值税一般纳税人,股份有限公司（上市）,批发和零售业,批发业,机械设备、五金产品及电子产品批发,-,房地产,房地产开发,住宅开发,-,天津经济技术开发区新城西路52号6号楼202-4单元,"天津广宇发展股份有限公司,
天津立达国际商场股份有限公司,
天津南开戈德股份有限公司","Tianjin Zhonglvdian Investment Co., Ltd.",许可项目：发电业务、输电业务、供（配）电业务。（依法须经批准的项目，经相关部门批准后方可开展经营活动，具体经营项目以相关部门批准文件或许可证件为准）一般项目：以自有资金从事投资活动；新兴能源技术研发；储能技术服务；节能管理服务；电动汽车充电基础设施运营；环保咨询服务；生态恢复及生态保护服务；专用设备制造（不含许可类专业设备制造）；电气设备修理；机械设备租赁；技术服务、技术开发、技术咨询、技术交流、技术转让、技术推广。（除依法须经批准的项目外，凭营业执照依法自主开展经营活动）。
苏州新区高新技术产业股份有限公司,SH600736,苏州新区高新技术产业股份有限公司,在业,115129.2907万元人民币,80,2022年报,江苏省苏州市高新区锦峰路199号锦峰国际商务大厦A座20楼,9132000025161746XP,L(大型),1994-06-28,江苏省,苏州市,虎丘区,zhu.hl@sndnt.com,han.s@sndnt.com;gong.zb@sndnt.com,320000000009807,增值税一般纳税人,股份有限公司（上市）,租赁和商务服务业,-,-,-,房地产,房地产开发,住宅开发,-,苏州市新区运河路8号,-,"Suzhou New DISTRICT HI-TECH Industrial Co., Ltd.",高新技术产品的投资、开发、生产，能源、交通、通讯等基础产业、市政基础设施的投资，工程设计、施工，科技咨询服务。（依法须经批准的项目，经相关部门批准后方可开展经营活动）
济南高新发展股份有限公司,SH600807,山东天业恒基股份有限公司,在业,88463.4731万元人民币,199,2022年报,-,91370000267172303L,L(大型),1993-01-16,山东省,济南市,济南高新技术产业开发区,jgfz600807@163.com,hengjigongshang@163.com,370000018010703,增值税一般纳税人,股份有限公司（上市）,批发和零售业,批发业,文化、体育用品及器材批发,其他文化用品批发,房地产,房地产开发,住宅开发,-,中国（山东）自由贸易试验区济南片区舜华街道龙奥北路1577号龙奥天街广场主办公楼1701,"山东天业恒基股份有限公司,
济南百货大楼股份有限公司,
山东济南百货大楼（集团）股份有限公司,
济南市百货大楼","Jinan High-tech Development Co., Ltd.",纺织、服装、鞋帽及日用品、五金交电化工（不含化学危险品）、建筑及装饰材料、日用杂货（不含烟花爆竹）、家具、摩托车、钢材、商品房、汽车（不含小轿车）、文化体育用品及器材、电子产品、通信设备（不含无线电发射器材）的销售；房屋、柜台出租；工艺美术品（含金银饰品零售、翻新）；仓储（不含危险化学品）；装饰装修、物业管理（须凭资质证书经营）；企业管理服务；电子信息技术的开发、服务及培训；房地产开发、销售（凭资质证书经营）；矿业投资；矿产品开采的技术开发、技术咨询及技术服务；工程管理服务；投资咨询服务；房地产中介服务；土地管理服务；房屋拆迁服务；黄金制品、铂金制品、非金属矿及制品的批发、展示及零售；黄金矿山专用设备及物资的销售；从事货物及技术的进出口业务。（依法须经批准的项目，经相关部门批准后方可开展经营活动）。
雅戈尔时尚股份有限公司,SH600177,雅戈尔集团股份有限公司,存续,462880.2973万元人民币,211,2022年报,-,91330200704800698F,L(大型),1993-06-25,浙江省,宁波市,海曙区,ir@youngor.com,ir@youngor.com.cn,330200000007255,增值税一般纳税人,其他股份有限公司（上市）,制造业,纺织服装、服饰业,机织服装制造,其他机织服装制造,消费,纺织服饰与珠宝,服装家纺,服装,浙江省宁波市海曙区鄞县大道西段2号,雅戈尔集团股份有限公司,"Yagor Fashion Co., Ltd.",服装制造；技术咨询；房地产开发；项目投资；仓储；针纺织品、金属材料、化工产品、建筑材料、机电、家电、电子器材的批发、零售；自营和代理货物和技术的进出口，但国家限定经营或禁止进出口的货物或技术除外。
珠海华发实业股份有限公司,SH600325,珠海华发实业股份有限公司,存续,275215.2116万元人民币,70,2022年报,-,9144040019256618XC,L(大型),1992-08-18,广东省,珠海市,香洲区,luo.shengliang@cnhuafas.com,liu.sheng@cnhuafas.com;li.shanghao@cnhuafas.com,440400000065217,增值税一般纳税人,股份有限公司（上市、国有控股）,房地产业,房地产业,房地产开发经营,房地产开发经营,房地产,房地产开发,住宅开发,-,珠海市昌盛路155号,珠海华发股份有限公司,"Zhuhai Huafa Properties Co., Ltd.",许可项目：房地产开发经营。（依法须经批准的项目，经相关部门批准后方可开展经营活动，具体经营项目以相关部门批准文件或许可证件为准）一般项目：销售代理；建筑材料销售；建筑装饰材料销售；金属材料销售；五金产品批发；五金产品零售；化工产品销售（不含许可类化工产品）；非居住房地产租赁。（除依法须经批准的项目外，凭营业执照依法自主开展经营活动）
大悦城控股集团股份有限公司,SZ000031,大悦城控股集团股份有限公司,存续,428631.3339万元人民币,-,-,深圳市宝安区新安街道留仙一路8号中粮创芯研发中心1栋27楼,914403001922471899,L(大型),1993-10-08,广东省,深圳市,宝安区,mediapr@cofco.com,cofco-property@cofco.com,440301103197805,一般纳税人,股份有限公司（中外合资、上市）,房地产业,房地产业,房地产开发经营,房地产开发经营,房地产,房地产开发,商业地产,-,深圳市宝安区新安街道3区龙井二路3号中粮地产集团中心第1层101室,"中粮地产（集团）股份有限公司,
深圳市宝恒（集团）股份有限公司,
深圳宝恒（集团）股份有限公司,
深圳市宝安区城建发展总公司","Grandjoy HOLDINGS Group Co., Ltd.",一般经营项目是：房地产开发经营；国内商业、物资供销业（不含专营、专卖、专控商品）；建筑技术咨询，进出口按“深贸管审证字第294号审证字第294号审定证书”办。住房租赁。（除依法须经批准的项目外，凭营业执照依法自主开展经营活动）
云南城投置业股份有限公司,SH600239,云南城投置业股份有限公司,存续,160568.6909万元人民币,101,2022年报,-,915300002179235351,L(大型),1997-04-21,云南省,昆明市,西山区,ynctzy@163.com,-,530000000004673,增值税一般纳税人,其他股份有限公司（上市）,房地产业,房地产业,房地产开发经营,房地产开发经营,房地产,房地产开发,住宅开发,-,云南省昆明市西山区西园南路34号融城优郡A4栋,"云南红河光明股份有限公司,
云南光明（啤酒）股份有限公司","YunNan Metropolitan Real Estate Development Co., Ltd.",房地产开发与经营；商品房销售；房屋租赁；基础设施建设投资；土地开发；项目投资与管理。
华联控股股份有限公司,SZ000036,华联控股股份有限公司,存续,148393.4025万元人民币,0,2022年报,-,91440300192471500W,M(中型),1989-09-11,广东省,深圳市,福田区,liy@udcgroup.com,feixy@udcgroup.com;394141058@qq.com;hlkg000036@udcgroup.com,440301102894519,一般纳税人,股份有限公司（上市）,制造业,纺织服装、服饰业,机织服装制造,其他机织服装制造,房地产,房地产开发,住宅开发,-,深圳市福田区深南中路2008号华联大厦1103-1109房,"深圳市华联控股股份有限公司,
深圳市惠中股份有限公司,
深圳市惠中化纤实业股份有限公司,
深圳惠中化纤实业股份有限公司,
深圳惠中化学纤维有限公司",China Union Holdings Ltd.,一般经营项目是：投资兴办实业（具体项目另行申报）；国内商业、物资供销业（不含专营、专控、专卖商品）；在具有合法土地使用权的地块上从事房地产开发、经营；自有物业管理；房地产经纪（不含限制项目）。
南都物业服务集团股份有限公司,SH603506,南都物业服务集团股份有限公司,存续,18777.7779万元人民币,407,2022年报,-,91330000142924946H,L(大型),1994-04-13,浙江省,杭州市,西湖区,contact@nacity.cn,office@nacity.cn;liuqiao@nacity.cn;narada_ad@126.com,330000000025273,简易办法征收一般纳税人,其他股份有限公司（上市）,房地产业,房地产业,物业管理,物业管理,房地产,房地产服务,物业管理,-,浙江省杭州市西湖区紫荆花路2号联合大厦A幢1单元10楼,"南都物业服务股份有限公司,
浙江南都物业服务股份有限公司,
浙江南都物业管理有限公司,
浙江南都物业管理公司","Nacity Property Service Group Co., Ltd.",许可项目：高危险性体育运动（游泳）；城市生活垃圾经营性服务；建设工程施工；建设工程设计；住宅室内装饰装修；特种设备安装改造修理；第二类增值电信业务；城市建筑垃圾处置（清运）；餐饮服务；供暖服务（依法须经批准的项目，经相关部门批准后方可开展经营活动，具体经营项目以审批结果为准）。一般项目：物业管理；酒店管理；城乡市容管理；市政设施管理；城市绿化管理；餐饮管理；商业综合体管理服务；园区管理服务；体育场地设施经营（不含高危险性体育运动）；专业保洁、清洗、消毒服务；停车场服务；家政服务；航空运营支持服务；航空商务服务；房地产咨询；住房租赁；信息咨询服务（不含许可类信息咨询服务）；会议及展览服务；礼仪服务；包装服务；建筑物清洁服务；园林绿化工程施工；住宅水电安装维护服务；家具安装和维修服务；家用电器安装服务；日用电器修理；水利相关咨询服务；信息系统集成服务；信息系统运行维护服务；技术服务、技术开发、技术咨询、技术交流、技术转让、技术推广；安防设备销售；文具用品零售；家具销售；农副产品销售；服装服饰零售；厨具卫具及日用杂品零售；劳动保护用品销售；专用设备修理；通用设备修理；工程管理服务；物联网应用服务；电子、机械设备维护（不含特种设备）；健身休闲活动；物业服务评估；水污染治理；居民日常生活服务；单位后勤管理服务；集贸市场管理服务；代驾服务；票务代理服务；病人陪护服务；护理机构服务（不含医疗服务）；市场营销策划；专业设计服务；食品销售（仅销售预包装食品）；互联网销售（除销售需要许可的商品）；灯具销售；汽车装饰用品销售（除依法须经批准的项目外，凭营业执照依法自主开展经营活动）。
天津卓朗信息科技股份有限公司,SH600225,天津松江股份有限公司,存续,341139.4363万元人民币,-,-,-,91120000734546571Y,L(大型),2001-12-21,天津市,天津市,红桥区,zhuolangkeji@troila.com,743675012@qq.com;1191042157@qq.com;songjiangzhidi@163.com;songjianggufen@163.com;bo37@163.com,120000000002179,增值税一般纳税人,股份有限公司（上市）,信息传输、软件和信息技术服务业,软件和信息技术服务业,-,-,房地产,房地产开发,住宅开发,-,天津市红桥区湘潭道1号,"天津松江股份有限公司,
华通天香集团股份有限公司","Tianjin Zhuolang Information Technology Co., Ltd.",一般项目：技术服务、技术开发、技术咨询、技术交流、技术转让、技术推广；软件开发；云计算装备技术服务；信息系统集成服务；软件销售；网络与信息安全软件开发；信息安全设备销售；非居住房地产租赁。（依法须经批准项目，经相关部门批准后方可开展经营活动）
江苏中南建设集团股份有限公司,SZ000961,江苏中南建设集团股份有限公司,在业,370978.8797万元人民币,6,2022年报,江苏省南通市海门区上海路899号,91320600MA1M9AEW6B,L(大型),1998-07-28,江苏省,南通市,海门区,zhongnangroup11@sina.com,liangxiaojing@zhongnangroup.cn;876905010@qq.com;121756660@qq.com;603718868@qq.com,320600000241314,增值税一般纳税人,股份有限公司（上市）,建筑业,房屋建筑业,-,-,房地产,房地产开发,住宅开发,-,江苏省海门市常乐镇,大连金牛股份有限公司,"Jiangsu Zhongnan Construction Group Co., Ltd.",房地产开发、销售（凭资质证书承接业务）；土木建筑工程施工，物业管理，实业投资。（依法须经批准的项目，经相关部门批准后方可开展经营活动）
金融街控股股份有限公司,SZ000402,金融街控股股份有限公司,存续,298892.9907万元人民币,148,2022年报,-,9111000020283066XF,L(大型),1996-06-18,北京市,北京市,西城区,service@jrjkg.com,cywang@jrjkg.com,110000002625954,增值税一般纳税人,其他股份有限公司（上市）,租赁和商务服务业,商务服务业,组织管理服务,投资与资产管理,房地产,房地产开发,商业地产,-,北京市西城区金城坊街7号,重庆华亚现代纸业股份有限公司,"Financial Street Holdings Co., Ltd.",以下项目仅限分公司经营：住宿、游泳池、网球场、中西餐、冷、热饮、糕点、美容美发、洗浴、零售卷烟、图书期刊；房地产开发，销售商品房；物业管理；新技术及产品项目投资；技术开发；技术服务；技术咨询；停车服务；出租办公用房、商业用房；健身服务；劳务服务；打字；复印；会议服务；技术培训；承办展览展示；饭店管理；餐饮管理；企业形象策划；组织文化交流活动；销售百货、工艺美术品、建筑材料、机械电气设备安装；货物进出口、技术进出口、代理进出口。（市场主体依法自主选择经营项目，开展经营活动；依法须经批准的项目，经相关部门批准后依批准的内容开展经营活动；不得从事国家和本市产业政策禁止和限制类项目的经营活动。）
北京空港科技园区股份有限公司,SH600463,北京空港科技园区股份有限公司,存续,30000万元人民币,81,2022年报,北京市天竺空港经济开发区B区裕民大街甲6号,9111000072260157XJ,L(大型),2000-03-28,北京市,北京市,顺义区,kg600463@163.com,beijing100621@126.com,110000001255214,一般纳税人,其他股份有限公司（上市）,科学研究和技术服务业,科技推广和应用服务业,其他科技推广服务业,其他科技推广服务业,房地产,房地产开发,产业地产,-,北京市顺义区天竺空港工业区A区,-,"Beijing Airport High-Tech Park Co., Ltd.",高新技术的开发、转让和咨询；销售开发后的产品；土地开发，仓储，物业管理，经济信息咨询。（市场主体依法自主选择经营项目，开展经营活动；依法须经批准的项目，经相关部门批准后依批准的内容开展经营活动；不得从事国家和本市产业政策禁止和限制类项目的经营活动。）
泰禾集团股份有限公司,SZ000732,泰禾集团股份有限公司,存续,248890.144万元人民币,0,2022年报,福州市晋安区横屿路9号泰禾中心26层,91350000155584573M,L(大型),1992-12-29,福建省,三明市,三元区,zhangfuxian@tahoecn.com,-,350000100016163,增值税一般纳税人,股份有限公司（上市、自然人投资或控股）,房地产业,房地产业,房地产开发经营,房地产开发经营,房地产,房地产开发,住宅开发,-,三明市梅列区徐碧,"福建三农集团股份有限公司,
福建省三农化学股份有限公司","Tahoe Group Co., Ltd.",房地产开发经营；本公司商标特许经营；酒店管理；物业管理；园林绿化工程的设计、施工；商业物资供销（专营、专控、专卖及专项审批的商品除外）；对外贸易；技术开发及技术转让；对第一产业、第二产业及第三产业的投资及投资管理；营养健康咨询服务；金融信息服务；企业管理咨询。（依法须经批准的项目，经相关部门批准后方可开展经营活动）
上海大名城企业股份有限公司,SH600094,上海大名城企业股份有限公司,存续,247532.5057万元人民币,16,2022年报,上海市长宁区红宝石路500号东银中心B栋29楼,913100006073563962,L(大型),1996-07-18,上海市,上海市,闵行区,dmc@greattown.cn,-,310000400150891,增值税一般纳税人,股份有限公司（中外合资、上市）,房地产业,房地产业,房地产开发经营,房地产开发经营,房地产,房地产开发,住宅开发,-,上海市闵行区红松东路1116号1幢5楼A区,"上海名城实业股份有限公司,
上海华源股份有限公司",Greattown Holdings Ltd.,房地产综合开发，建造、销售商品房；物业管理，物业租赁；公共基础设施开发与建设；建筑装饰安装工程；从事新能源科技领域的技术开发、技术咨询、技术服务、技术转让，新能源汽车的销售；生产、加工、销售生物制品、农药及中间体（限分支机构经营）、药品原料及制剂（限分支机构经营）、保健品（限分支机构经营）、新型建材、包装材料、现代通讯信息新材料及相关器件；上述产品的研究开发、技术咨询和售后服务；经营进出口业务。（涉及配额、许可证或国家专项管理的，应凭证经营或按国家有关规定另行报批）。【依法须经批准的项目，经相关部门批准后方可开展经营活动】
东莞宏远工业区股份有限公司,SZ000573,东莞宏远工业区股份有限公司,在业,63828.0604万元人民币,23,2022年报,-,91441900281825294G,M(中型),1992-05-08,广东省,东莞市,-,office@winnerway.com,0573@21cn.com,441900000597623,增值税一般纳税人,其他股份有限公司（上市）,房地产业,房地产业,-,-,房地产,房地产开发,住宅开发,-,东莞市南城区宏远工业区,-,DongGuan Winnerway Industry Zone Ltd.,开发经营工业区，房地产开发，开办外引内联企业及其咨询、洽谈业务；生产经营高科技产品、五金、交电、建筑装饰材料，技术咨询；原煤开采（另设分支机构经营）。（依法须经批准的项目，经相关部门批准后方可开展经营活动）
大连友谊（集团）股份有限公司,SZ000679,大连友谊(集团)股份有限公司,存续,35640万元人民币,163,2022年报,辽宁省大连市沙河口区星海广场B3区35-4号公建,9121020011831278X6,M(中型),1992-07-28,辽宁省,大连市,中山区,sup911@163.com,-,210200000006827,一般纳税人,其他股份有限公司（上市）,批发和零售业,零售业,-,-,消费,零售,一般零售,多业态零售,辽宁省大连市中山区七一街5号,-,"Dalian Friendship (Group) Co., Ltd.",房地产开发；（以下限分支机构经营）商品零售、酒店、对船供应、进出口贸易、免税商品；农副产品收购；客房写字间出租、会议服务、企业管理服务、广告业务。（依法须经批准的项目，经相关部门批准后方可开展经营活动。）
派斯林数字科技股份有限公司,SH600215,长春经开(集团)股份有限公司,存续,46503.288万元人民币,12,2022年报,-,91220101124067880U,L(大型),1993-06-26,吉林省,长春市,长春经济技术开发区,600215@paslin.cn,ccjk_600215@163.com;ccjk600215@163.com;songzhu.li@wfjyjt.com,220101124067880,-,其他股份有限公司（上市）,租赁和商务服务业,商务服务业,组织管理服务,投资与资产管理,房地产,房地产开发,住宅开发,-,长春市经济开发区南沙大街2888号,"长春经开（集团）股份有限公司,
长春经济技术开发区开发建设（集团）股份有限公司","Paslin Digital Technology Co., Ltd.",一般项目：工业自动控制系统装置制造；工业自动控制系统装置销售；机械电气设备制造；机械电气设备销售；智能控制系统集成；信息系统集成服务；物联网技术服务；工业互联网数据服务；人工智能行业应用系统集成服务；数据处理和存储支持服务；信息技术咨询服务；信息咨询服务（不含许可类信息咨询服务）；技术服务、技术开发、技术咨询、技术交流、技术转让、技术推广；货物进出口；以自有资金从事投资活动。（除依法须经批准的项目外，凭营业执照依法自主开展经营活动）
京能置业股份有限公司,SH600791,京能置业股份有限公司,存续,45288万元人民币,147,2022年报,-,91110000214406620R,L(大型),1997-04-01,北京市,北京市,西城区,710980671@qq.com,fengna@beih-zy.com,110000007977747,一般纳税人,其他股份有限公司（上市）,房地产业,房地产业,房地产开发经营,房地产开发经营,房地产,房地产开发,住宅开发,-,北京市西城区复兴门南大街2号甲天银大厦A西八层,"贵州华联旅业（集团）股份有限公司,
贵州华联（集团）股份有限公司","BEH-PROPERTY Co., Ltd.",房地产开发；房地产信息咨询；投资顾问；销售商品房；高科技项目投资；房屋租赁。（市场主体依法自主选择经营项目，开展经营活动；依法须经批准的项目，经相关部门批准后依批准的内容开展经营活动；不得从事国家和本市产业政策禁止和限制类项目的经营活动。）
海航投资集团股份有限公司,SZ000616,海航投资集团股份有限公司,存续,143023.4425万元人民币,127,2022年报,海南省海口市美兰区国兴大道 7 号新海航大厦19层,91210200241278804K,M(中型),1993-05-27,辽宁省,大连市,中山区,hhtz@hnair.com,jy-wei@hnair.com;htgf@hnair.com;fanlei@hnair.com;ir@yeland.com.cn,210200000261664,一般纳税人,其他股份有限公司（上市）,租赁和商务服务业,商务服务业,组织管理服务,投资与资产管理,房地产,房地产开发,住宅开发,-,辽宁省大连市中山区长江路123号长江写字楼2129,"亿城投资集团股份有限公司,
亿城集团股份有限公司,
大连亿城集团股份有限公司,
大连渤海饭店（集团）股份有限公司","HNA Investment Group Co., Ltd.",项目投资及管理、投资咨询。（ 依法须经批准的项目，经相关部门批准后，方可开展经营活动）
格力地产股份有限公司,SH600185,格力地产股份有限公司,在业,188500.5795万元人民币,29,2022年报,-,91440400628053925E,L(大型),1999-06-09,广东省,珠海市,香洲区,gldc@greedc.com,-,610131100018386,增值税一般纳税人,其他股份有限公司（上市）,房地产业,房地产业,-,-,房地产,房地产开发,住宅开发,-,珠海市横琴新区环岛东路3000号2103办公,"西安格力地产股份有限公司,
西安海星现代科技股份有限公司","Gree Real Estate Co., Ltd.",章程记载的经营范围：实业投资、资产经营、房地产开发经营、物业管理、国内贸易（除专项规定外）、建筑材料的批发、零售、代购代销。（依法须经批准的项目，经相关部门批准后方可开展经营活动）
北京北辰实业股份有限公司,SH601588,北京北辰实业股份有限公司,存续,336702万元人民币,3322,2022年报,-,91110000633791930G,L(大型),1998-10-09,北京市,北京市,朝阳区,northstar@beijingns.com.cn,-,110000410131502,增值税一般纳税人,股份有限公司（台港澳与境内合资、上市）,房地产业,房地产业,物业管理,物业管理,房地产,房地产开发,住宅开发,-,北京市朝阳区北辰东路8号,-,Beijing North Star Company Limited,物业管理；出租写字间、公寓、客房；住宿服务；房地产开发、建设、物业购置及商品房销售；承接国际国内会议、出租展览场地及设施、提供会务服务，出租出售批发零售商业用、餐饮娱乐业用场地及设施；餐饮服务、文体娱乐服务（国家禁止的项目除外）；机械电器设备、激光、电子方面的技术开发、技术服务、技术转让，设备安装，机械设备、清洗设备维修，日用品修理，美容美发，浴池服务，摄录像服务，打字、复印类商务服务，仓储服务，信息咨询；商业零售（包括代销、寄售）：百货、针纺织品、五金交电、金银首饰、家具、字画、副食品、食品、粮油食品、汽车配件、宠物食品、电子计算机、公开发行的国内版电子出版物、计生用品、防盗保险柜、摩托车、西药制剂、中成药、医疗器械；刻字服务；修理钟表、家用电器；验光配镜服务；饮食服务；健康咨询；机动车公共停车场；承办展览展示活动；设备租赁；公司礼仪服务；游泳；体育场馆管理；技术服务；组织文化艺术交流活动；文化艺术咨询；互联网信息服务；以下限分支机构经营：出租、零售音像磁带制品、图书、期刊、电子出版物；零售卷烟、雪茄烟；服装加工。（市场主体依法自主选择经营项目，开展经营活动；“互联网信息服务”、“游泳”以及依法须经批准的项目，经相关部门批准后依批准的内容开展经营活动；不得从事国家和本市产业政策禁止和限制类项目的经营活动。）
中交地产股份有限公司,SZ000736,中交地产股份有限公司,存续,69543.3689万元人民币,4,2022年报,北京市西城区德胜门外大街13号院1号楼合生财富广场12层,915000002028133840,L(大型),1993-02-03,重庆市,重庆市,江北区,zhangyaxin@cccgrealeatate.com,zhangyaxin@cccgrealestate.com;zhangyaxin@zfrealestate.com,500000000006873,增值税一般纳税人,股份有限公司（上市公司）,房地产业,房地产业,房地产开发经营,房地产开发经营,房地产,房地产开发,住宅开发,-,重庆市江北区观音桥建新北路86号,"中房地产股份有限公司,
中房重实地产股份有限公司,
重庆国际实业投资股份有限公司",CCCG Real Estate Corporation Limited,"一般项目：从事房地产开发经营业务，实业投资,物业管理,高科技开发,设备租赁,代理各类商品及技术的进出口业务（国家限定公司经营或禁止进出口的商品及技术除外）,国际经济技术合作的往来函调查及咨询服务;销售矿产品（不含国家规定产品）,化工产品、建筑材料、装饰材料（以上不含危险化学品）,汽车（不含九座及九座以下乘用车）,摩托车及零部件,五金,交电,木材,钢材,日用百货,纺织品,工艺美术品（不含金银饰品）.中小型水、火力发电成套设备的开发、制造、销售及技术咨询服务（国家有专项管理规定的除外）。（除依法须经批准的项目外，凭营业执照依法自主开展经营活动）"
江苏凤凰置业投资股份有限公司,SH600716,江苏凤凰置业投资股份有限公司,在业,93606.059万元人民币,26,2022年报,-,91320000104363033C,S(小型),1996-06-24,江苏省,南京市,鼓楼区,fhzy@ppm.cn,ykai666@126.com,320000000108232,增值税一般纳税人,股份有限公司（上市）,金融业,资本市场服务,其他资本市场服务,其他资本市场服务,房地产,房地产开发,住宅开发,-,南京市中央路389号凤凰国际大厦六楼,秦皇岛耀华玻璃股份有限公司,Jiangsu Phoenix Property Investment Company Limited,房地产投资，实业投资，房屋租赁，物业管理。（依法须经批准的项目，经相关部门批准后方可开展经营活动）
湖北福星科技股份有限公司,SZ000926,湖北福星科技股份有限公司,存续,113847.5688万元人民币,4,2022年报,湖北省武汉市江汉区新华路186号福星国际商会大厦27楼,914200007069595043,L(大型),1993-06-08,湖北省,孝感市,汉川市,fxjtbgs808@126.com,fxkj0926@chinafxkj.com;fxkj926@chinafxkj.com;china-fxst@263.net,420000000029014,增值税一般纳税人,股份有限公司（上市、外商投资企业投资）,房地产业,房地产业,房地产租赁经营,房地产租赁经营,房地产,房地产开发,住宅开发,-,湖北省汉川市沉湖镇福星街1号,湖北省汉川钢丝绳股份有限公司,"HuBei Fuxing Science and Technology Co., Ltd.",房地产开发、经营、管理；物业管理及租赁；高新技术的开发与高新技术项目投资。（涉及许可经营项目，应取得相关部门许可后方可经营）
上海市北高新股份有限公司,SH600604,上海市北高新股份有限公司,存续,187330.4804万元人民币,98,2022年报,上海市江场三路262号,913100006072255050,L(大型),1993-11-10,上海市,上海市,静安区,zhengquan@shibei.com,-,310000400065302,增值税一般纳税人,股份有限公司（台港澳与境内合资、上市）,租赁和商务服务业,商务服务业,咨询与调查,其他专业咨询与调查,房地产,房地产开发,产业地产,-,上海市静安区共和新路3088弄2号1008室,上海二纺机股份有限公司,"Shanghai Shibei Hi-tech Co., Ltd.",企业管理咨询，投资管理咨询，商务信息咨询，会展服务（主办、承办除外），建筑规划方案咨询；物业管理；建筑装饰材料的批发、佣金代理（拍卖除外）（不涉及国营贸易管理商品，涉及配额、许可证管理商品的，按国家有关规定办理申请）。【依法须经批准的项目，经相关部门批准后方可开展经营活动】
四川蓝光发展股份有限公司,SH600466,四川蓝光发展股份有限公司,存续,303493.0435万元人民币,1,2022年报,-,915101007092429550,L(大型),1993-05-18,四川省,成都市,郫都区,crm@brc.com.cn,313832917@qq.com;wujianwen@brc.com.cn,510109000056757,增值税一般纳税人,其他股份有限公司（非上市）,租赁和商务服务业,商务服务业,组织管理服务,其他组织管理服务,房地产,房地产开发,住宅开发,-,成都高新区（西区）西芯大道9号,四川迪康科技药业股份有限公司,"Sichuan Languang Development Co., Ltd.",投资及投资管理；企业策划、咨询服务；企业管理；房地产投资；房地产开发经营；土地整理；商业资产投资、经营；自有房屋租赁；资产管理；物业管理；生物科技技术产品研究、开发、生产（限分支机构在工业园区内经营）；技术咨询服务和技术转让；技术及货物进出口业务（国家禁止或涉及行政审批的货物和技术进出口除外）；电子商务（依法须经批准的项目，经相关部门批准后方可开展经营活动）。
天津津投城市开发股份有限公司,SH600322,天津市房地产发展(集团)股份有限公司,存续,110570万元人民币,140,2022年报,-,91120000103064779N,L(大型),1993-02-25,天津市,天津市,和平区,tffz@sina.com,-,120000000001594,增值税一般纳税人,股份有限公司（上市）,房地产业,房地产业,房地产开发经营,房地产开发经营,房地产,房地产开发,住宅开发,-,和平区常德道80号,天津市房地产发展（集团）股份有限公司,"Tianjin Jintou Urban Development Co., Ltd.",房地产开发及商品房销售、自有房屋租赁、房地产信息咨询、中介服务；商品房代理销售；房屋置换；以下限分支机构经营：物业管理；建筑设计、咨询；金属材料、建筑材料批发；工程项目管理及咨询服务（以上经营范围涉及行业许可的凭许可证件，在有效期内经营，国家有专项专营规定的按规定办理）。
绿景控股股份有限公司,SZ000502,绿景控股股份有限公司,在业,18481.9607万元人民币,13,2022年报,-,91440000201285073K,M(中型),1989-09-18,广东省,广州市,海珠区,lvj@000502.cn,-,440000000006561,-,股份有限公司（上市、自然人投资或控股）,租赁和商务服务业,商务服务业,组织管理服务,投资与资产管理,房地产,房地产服务,物业管理,-,广东省广州市海珠区同福西路131-133号首层01房,"绿景地产股份有限公司,
恒大地产股份有限公司,
海南新能源股份有限公司","Lvjing Holding Co., Ltd.",一般项目：以自有资金从事投资活动；自有资金投资的资产管理服务；信息系统集成服务；信息技术咨询服务；技术服务、技术开发、技术咨询、技术交流、技术转让、技术推广；数据处理和存储支持服务；工业互联网数据服务；数据处理服务；信息系统运行维护服务；网络技术服务；云计算装备技术服务；物联网应用服务；物联网技术服务；电子、机械设备维护（不含特种设备）。（除依法须经批准的项目外，凭营业执照依法自主开展经营活动）许可项目：第一类增值电信业务；互联网信息服务；建筑智能化系统设计；安全系统监控服务。（依法须经批准的项目，经相关部门批准后方可开展经营活动，具体经营项目以相关部门批准文件或许可证件为准）
深圳经济特区房地产（集团）股份有限公司,SZ000029,深圳经济特区房地产(集团)股份有限公司,存续,101166万元人民币,-,-,深圳市光明区新湖街道新羌社区新陂头南2号602。,91440300192179585N,M(中型),1986-07-19,广东省,深圳市,罗湖区,xiexg603@163.com,spg@163.com,440301103225878,一般纳税人,上市股份有限公司,房地产业,房地产业,房地产开发经营,房地产开发经营,房地产,房地产开发,住宅开发,-,深圳市罗湖区南湖街道嘉北社区人民南路3005号深房广场A46层-A48层B46层-B48层,"深圳经济特区房地产总公司,
深圳经济特区房地产公司","Shenzhen Special Economic Zone Real Estate&Properties (Group). Co., Ltd.",一般经营项目是:房地产开发及商品房销售;进出口业务（按深府办[1994] 254号文及深贸发局深贸管审证字第 140号审定证书规定办）;楼宇管理、租赁、建筑设计。
深圳市中洲投资控股股份有限公司,SZ000042,深圳市中洲投资控股股份有限公司,存续,66483.1139万元人民币,0,2022年报,-,91440300192190768P,L(大型),1984-09-17,广东省,深圳市,福田区,121666636@qq.com,zzkg@zztzkg.com;dongshihui@zztzkg.com,440301103813177,一般纳税人,股份有限公司（上市）,房地产业,房地产业,房地产开发经营,房地产开发经营,房地产,房地产开发,住宅开发,-,深圳市福田区福田街道岗厦社区金田路3088号中洲大厦3802,"深圳市长城投资控股股份有限公司,
深圳市长城地产（集团）股份有限公司,
深圳市长城地产股份有限公司,
深圳市长城房地产发展公司,
深圳市工程开发公司","Shenzhen Centralcon Investment Holding Co., Ltd.",一般经营项目是：房地产开发及商品房的销售、管理；承接建筑安装工程；自有物业租赁。
天津津滨发展股份有限公司,SZ000897,天津津滨发展股份有限公司,存续,161727.2234万元人民币,-,-,天津市南开区苍穹道15号,91120000712830811X,L(大型),1998-12-31,天津市,天津市,滨海新区,mayue@jbdc.com.cn,office@jbdc.com.cn,120000000005860,增值税一般纳税人,股份有限公司（上市）,批发和零售业,批发业,其他批发业,其他未列明批发业,房地产,房地产开发,住宅开发,-,天津开发区明园路2号B2别墅5号,-,"Tianjin Jinbin Development Co., Ltd.",房地产开发；食品销售（凭许可证开展经营活动）；自营或代理货物及技术的进出口。法律、法规、国务院决定禁止的，不得经营；应经审批的，未获批准前不得经营；法律、法规、国务院决定未规定审批的，自主经营。（依法须经批准的项目，经相关部门批准后方可开展经营活动）
深圳市天健（集团）股份有限公司,SZ000090,深圳市天健(集团)股份有限公司,存续,186854.5434万元人民币,0,2022年报,-,91440300192251874W,L(大型),1993-12-06,广东省,深圳市,福田区,yangyuanyuan@tagen.cn,zhangaihua@tagen.cn;info@tagen.cn;info@tagn.cn,440301102748199,一般纳税人,上市股份有限公司,租赁和商务服务业,商务服务业,其他商务服务业,其他未列明商务服务业,房地产,房地产开发,住宅开发,-,深圳市福田区莲花街道紫荆社区红荔路7019号天健商务大厦19楼,深圳市天健实业股份有限公司,"Shenzhen Tagen Group Co., Ltd.",一般经营项目是：投资兴办工业实业（具体项目另行申报）；国内商业、物资供销业（不含专营、专卖、专控商品）；开展对外经济技术合作业务（按中华人民共和国对外贸易经济合作部[2000]外经贸发展审函字第913号文规定办理）；自有物业租赁。（除依法须经批准的项目外，凭营业执照依法自主开展经营活动），许可经营项目是：房地产开发经营。（依法须经批准的项目，经相关部门批准后方可开展经营活动，具体经营项目以相关部门批准文件或许可证件为准）
财信地产发展集团股份有限公司,SZ000838,财信地产发展集团股份有限公司,存续,110046.217万元人民币,0,2022年报,重庆市江北区红黄路1号26楼,911100002051092291,L(大型),1996-10-29,重庆市,重庆市,江北区,Casin@casindev.com,zhixin@casindev.com,500000011291272,增值税一般纳税人,股份有限公司（上市公司）,房地产业,房地产业,房地产开发经营,房地产开发经营,房地产,房地产开发,住宅开发,-,重庆市江北区红黄路1号1幢24楼,"财信国兴地产发展股份有限公司,
国兴融达地产股份有限公司,
蓝星石化科技股份有限公司,
西南化机股份有限公司","CASIN Real Estate Development Group Co., Ltd.",一般项目：房地产开发；销售自行开发的商品房；污染治理设施运营；工程和技术研究。（企业依法自主选择经营项目，开展经营活动；依法须经批准的项目，经相关部门批准后依批准的内容开展经营活动；不得从事本市产业政策禁止和限制类项目的经营活动。）（除依法须经批准的项目外，凭营业执照依法自主开展经营活动）
宁波富达股份有限公司,SH600724,宁波富达股份有限公司,存续,144524.1071万元人民币,15,2022年报,浙江省宁波市海曙区解放南路208号建设大厦18-19层,91330200704845351P,L(大型),1993-03-22,浙江省,宁波市,余姚市,fuda@fuda.com,zy@fuda.com,330200000029858,增值税一般纳税人,其他股份有限公司（上市）,制造业,电气机械和器材制造业,家用电力器具制造,家用清洁卫生电器具制造,原材料,非金属材料,建筑材料,水泥与混凝土,浙江省余姚市城区南雷南路2号余姚商会大厦1302室,宁波富达电器股份有限公司,Ningbo Fuda Company Limited,实业投资；自营和代理货物和技术的进出口，但国家限定经营或禁止进出口的货物和技术除外；计算机产品设计。（依法须经批准的项目，经相关部门批准后方可开展经营活动）
鲁商福瑞达医药股份有限公司,SH600223,鲁商健康产业发展股份有限公司,在业,101656.8775万元人民币,0,2022年报,-,91370000267156215K,L(大型),1993-04-21,山东省,淄博市,博山区,xzggsw@lshfz.com.cn,lszybgs@163.com,370000018020768,增值税一般纳税人,股份有限公司（上市）,制造业,医药制造业,卫生材料及医药用品制造,卫生材料及医药用品制造,房地产,房地产开发,住宅开发,-,山东省博山经济开发区,"鲁商健康产业发展股份有限公司,
鲁商置业股份有限公司,
山东万杰高科技股份有限公司,
山东淄博万杰实业股份有限公司","Lushang Furida Pharmaceutical Co., Ltd.",一般项目：医学研究和试验发展；化妆品零售；化妆品批发；生物基材料制造；生物基材料销售；生物基材料技术研发；互联网销售（除销售需要许可的商品）；生物化工产品技术研发；技术服务、技术开发、技术咨询、技术交流、技术转让、技术推广；健康咨询服务（不含诊疗服务）；养老服务；护理机构服务（不含医疗服务）；以自有资金从事投资活动。（除依法须经批准的项目外，凭营业执照依法自主开展经营活动）许可项目：药品生产；药品批发；药品互联网信息服务；药品委托生产；药品进出口；药品零售；化妆品生产。（依法须经批准的项目，经相关部门批准后方可开展经营活动，具体经营项目以相关部门批准文件或许可证件为准）
上海临港控股股份有限公司,SH600848,上海临港控股股份有限公司,存续,252248.7004万元人民币,27,2022年报,上海市浦东新区海港大道1515号创晶科技中心T2-8楼,913100001322046892,L(大型),1994-11-24,上海市,上海市,松江区,ir@lingangholding.com,ir@shlingang.com;jinying@shlingang.com;zhangxiaoyan@saic.sh.cn;renggei1206@126.com;saic3c@163.com,310000400099813,增值税一般纳税人,股份有限公司（中外合资、上市）,房地产业,房地产业,房地产开发经营,房地产开发经营,房地产,房地产开发,产业地产,-,上海市松江区莘砖公路668号3层,上海自动化仪表股份有限公司,"Shanghai Lingang HOLDINGS Co., Ltd.",园区投资、开发和经营，自有房屋租赁，投资管理及咨询，科技企业孵化，企业管理咨询，经济信息咨询及服务（除经纪），物业管理，仓储（除危险品）。（涉及许可证管理、专项规定、质检、安检及相关行业资质要求的，需按照国家有关规定取得相应资质或许可后开展经营业务）。【依法须经批准的项目，经相关部门批准后方可开展经营活动】
绿地控股集团股份有限公司,SH600606,绿地控股集团股份有限公司,存续,1405421.8314万元人民币,0,2022年报,-,913100006311370032,L(大型),1992-07-08,上海市,上海市,黄浦区,wanghui@ldjt.com.cn,shjftz@shjftz.com.cn,310000000010224,增值税一般纳税人,其他股份有限公司（上市）,租赁和商务服务业,商务服务业,组织管理服务,投资与资产管理,房地产,房地产开发,住宅开发,-,上海市黄浦区打浦路700号,"上海金丰投资股份有限公司,
绿地控股股份有限公司,
上海嘉丰股份有限公司",Greenland Holdings Corporation Limited,实业投资，房地产开发经营、租赁、置换，住宅及基础设施配套建设，酒店管理，城市轨道交通工程，金融信息服务（不含金融业务），绿化工程，能源领域内的技术服务，汽车销售服务，物业管理。【依法须经批准的项目，经相关部门批准后方可开展经营活动】
北京城建投资发展股份有限公司,SH600266,北京城建投资发展股份有限公司,存续,215469.4195万元人民币,125,2022年报,北京市朝阳区北土城西路11号,91110000633715698D,L(大型),1998-12-30,北京市,北京市,海淀区,info@bucid.com,wanglei@bucid.com,110000005200596,增值税一般纳税人,其他股份有限公司（上市）,租赁和商务服务业,商务服务业,组织管理服务,投资与资产管理,房地产,房地产开发,住宅开发,-,北京市海淀区大柳树富海中心2号楼14层,北京城建股份有限公司,"Beijing Urban Construction Investment & Development Co., Ltd.",房地产开发、销售商品房；投资及投资管理；销售金属材料、木材、建筑材料、机械电器设备；信息咨询（不含中介服务）；环保技术开发、技术服务。（市场主体依法自主选择经营项目，开展经营活动；依法须经批准的项目，经相关部门批准后依批准的内容开展经营活动；不得从事国家和本市产业政策禁止和限制类项目的经营活动。）
上海亚通股份有限公司,SH600692,上海亚通股份有限公司,存续,35176.4064万元人民币,86,2022年报,上海市崇明区城桥镇鳌山路621号,91310000132221817R,M(中型),1993-10-14,上海市,上海市,崇明区,yt69692618@126.com,-,310000000024218,增值税一般纳税人,其他股份有限公司（上市）,交通运输、仓储和邮政业,水上运输业,水上旅客运输,内河旅客运输,房地产,房地产开发,住宅开发,-,崇明县八一路1号,-,"Shanghai Yatong Co., Ltd.",许可项目：房地产开发经营；建筑劳务分包；建设工程施工。（依法须经批准的项目，经相关部门批准后方可开展经营活动，具体经营项目以相关部门批准文件或许可证件为准）一般项目：金属材料销售；机械设备销售；汽车零配件零售；化工产品销售（不含许可类化工产品）；建筑装饰材料销售；木材销售；家具销售；五金产品零售；日用百货销售；汽车零配件批发；五金产品批发；信息咨询服务（不含许可类信息咨询服务）；工程管理服务；房地产经纪；物业管理；市场营销策划；企业形象策划；会议及展览服务；技术服务、技术开发、技术咨询、技术交流、技术转让、技术推广；合同能源管理；光伏设备及元器件销售；新兴能源技术研发；普通机械设备安装服务；机械设备租赁。（除依法须经批准的项目外，凭营业执照依法自主开展经营活动）
天津海泰科技发展股份有限公司,SH600082,天津海泰科技发展股份有限公司,存续,64611.5826万元人民币,-,-,天津市华苑产业区海泰发展五道16号海泰创新基地CC座G七层,91120000732820119B,M(中型),1993-01-05,天津市,天津市,西青区,irm@hitech-develop.com,-,120000000003673,增值税一般纳税人,股份有限公司（上市）,租赁和商务服务业,-,-,-,房地产,房地产开发,产业地产,-,天津新技术产业园区华苑产业区,-,"TianJin Hi-Tech Development Co., Ltd.",向孵化高新技术成果和创业型科技企业、高新技术企业投资并进行产品的开发、生产；土地开发、房地产开发；技术开发、咨询、转让、服务（电子与信息、机电一体化、新材料、生物工程及制药、新能源和节能技术、环境科学和劳动保护、新型建筑材料、仪器仪表的技术及产品）；物业管理；管理信息咨询；商品及物资的批发兼零售；科技产品及技术进出口业务；易货贸易及转口贸易；保税仓储；限分支机构经营：货运（以上范围内国家有专营专项规定的按规定办理）。
卧龙资源集团股份有限公司,SH600173,卧龙地产集团股份有限公司,存续,70050.6244万元人民币,35,2022年报,-,91330000668325921R,L(大型),1993-07-17,浙江省,绍兴市,上虞区,wolong600173@wolong.com,wanghui1@wolong.com;yangjingjing@wolong.com,330000000008831,增值税一般纳税人,其他股份有限公司（上市）,房地产业,房地产业,房地产开发经营,房地产开发经营,房地产,房地产开发,住宅开发,-,浙江省绍兴市上虞区经济开发区,"卧龙地产集团股份有限公司,
浙江卧龙地产股份有限公司,
黑龙江省牡丹江新材料科技股份有限公司,
牡丹江水泥股份有限公司","Wolong Resource Group Co., Ltd.",许可项目：房地产开发经营；建设工程施工；建设工程设计；住宅室内装饰装修（依法须经批准的项目，经相关部门批准后方可开展经营活动，具体经营项目以审批结果为准）。一般项目：工程管理服务；物业管理；建筑材料销售；高性能有色金属及合金材料销售；建筑装饰材料销售；机械设备销售；稀土功能材料销售；货物进出口；金属矿石销售；以自有资金从事投资活动（除依法须经批准的项目外，凭营业执照依法自主开展经营活动）。
深圳华侨城股份有限公司,SZ000069,深圳华侨城股份有限公司,存续,820568.1415万元人民币,0,2022年报,-,91440300279374105B,L(大型),1997-09-02,广东省,深圳市,南山区,000069IR@chinaoct.com,-,440301103282083,一般纳税人,上市股份有限公司,租赁和商务服务业,商务服务业,其他商务服务业,其他未列明商务服务业,房地产,房地产开发,商业地产,-,深圳市南山区华侨城指挥部大楼103、105、107、111、112室,"深圳华侨城控股股份有限公司,
深圳华侨城实业发展股份有限公司","Shenzhen Overseas Chinese Town Co., Ltd.",一般经营项目是：旅游及其关联产业的投资和管理；房地产开发；自有物业租赁；酒店管理；文化活动的组织策划；会展策划；旅游项目策划；旅游信息咨询；旅游工艺品的销售；投资兴办实业（具体项目另行申报）；国内商业（不含专营、专控、专卖商品）；经营进出口业务（法律、行政法规、国务院决定禁止的项目除外，限制的项目须取得许可后方可经营）。
美好置业集团股份有限公司,SZ000667,美好置业集团股份有限公司,存续,246698.8633万元人民币,6,2022年报,-,9153000021665904XL,L(大型),1996-10-17,云南省,昆明市,盘龙区,mhzy@000667.com,lirq@000667.com;ir@000667.com,530000000006503,增值税一般纳税人,股份有限公司（非上市、自然人投资或控股）,租赁和商务服务业,商务服务业,组织管理服务,投资与资产管理,房地产,房地产开发,住宅开发,-,云南省昆明市盘龙区北京路与联盟路交叉口卓越俊园10栋2单元2317室,"名流置业集团股份有限公司,
昆明五华实业（集团）股份有限公司,
云南华一投资集团股份有限公司","Myhome Real Estate Development Group Co., Ltd.",许可项目：房地产开发经营（依法须经批准的项目，经相关部门批准后方可开展经营活动，具体经营项目以相关部门批准文件或许可证件为准）一般项目：企业管理咨询；以自有资金从事投资活动；信息咨询服务（不含许可类信息咨询服务）；住房租赁；非居住房地产租赁；土地使用权租赁（除依法须经批准的项目外，凭营业执照依法自主开展经营活动）。
阳光新业地产股份有限公司,SZ000608,阳光新业地产股份有限公司,存续,74991.3309万元人民币,0,2022年报,深圳市深南东路5016号京基一百大厦A座6901-01A单元,91450000200538358N,M(中型),1996-06-07,广西壮族自治区,南宁市,江南区,yangguangxinye@yangguangxinye.com,yangguangxinye@yangguagnxinye.com,450000400001362,增值税一般纳税人,其他股份有限公司（上市）,房地产业,房地产业,房地产开发经营,房地产开发经营,房地产,房地产开发,商业地产,-,南宁市江南路230号南宁经济技术开发区,"广西阳光股份有限公司,
广西虎威股份有限公司","Yang Guang Co., Ltd.",房地产开发经营；装修装饰工程；自有商品房的租赁；房地产开发的法律、法规和政策的咨询服务；商业管理服务。（法律、法规禁止的项目除外，法律、法规限制的项目取得许可后方可开展经营）（依法须经批准的项目，经相关部门批准后方可开展经营活动。）
广州珠江发展集团股份有限公司,SH600684,广州珠江实业开发股份有限公司,在业,85346.0723万元人民币,161,2022年报,广州市越秀区东风中路362号颐德中心30楼,9144010119048157XD,L(大型),1992-12-23,广东省,广州市,越秀区,gzzjsy@gzzjsy.com,-,440101000083068,增值税一般纳税人,股份有限公司（上市、国有控股）,房地产业,房地产业,房地产开发经营,房地产开发经营,房地产,房地产开发,住宅开发,-,广州市越秀区环市东路371-375号世界贸易中心大厦南塔11楼S1101-05、S1118-24房,"广州珠江实业开发股份有限公司,
广州珠江房产公司,
广州珠江外资建设总公司房产公司","Guangzhou Pearl River Development Group Co., Ltd.",非居住房地产租赁;住房租赁;物业管理;以自有资金从事投资活动;土地使用权租赁;技术服务、技术开发、技术咨询、技术交流、技术转让、技术推广;工程管理服务;工程技术服务（规划管理、勘察、设计、监理除外）;酒店管理;工程和技术研究和试验发展;环保咨询服务;土壤污染治理与修复服务;土壤环境污染防治服务;停车场服务;招投标代理服务;城市绿化管理;会议及展览服务;租赁服务（不含许可类租赁服务）;信息咨询服务（不含许可类信息咨询服务）;体育竞赛组织;社会经济咨询服务;文化场馆管理服务;劳务服务（不含劳务派遣）;房地产开发经营;建设工程施工;高危险性体育运动（游泳）
信达地产股份有限公司,SH600657,信达地产股份有限公司,存续,285187.8595万元人民币,138,2022年报,北京市海淀区中关村南大街甲18号北京国际大A座10层,911100001015301828,L(大型),1984-07-20,北京市,北京市,东城区,zonghebu@cinda.com.cn,zongban_dc@cinda.com.cn;zonghebu_dc@cinda.com.cn,110000001004991,增值税一般纳税人,其他股份有限公司（上市）,房地产业,房地产业,房地产开发经营,房地产开发经营,房地产,房地产开发,住宅开发,-,北京市东城区永内大街1号,"北京天桥北大青鸟科技股份有限公司,
北京市天桥百货股份有限公司","Cinda Real Estate Co., Ltd.",房地产开发；投资及投资管理；物业管理；企业管理咨询；销售建筑材料。（市场主体依法自主选择经营项目，开展经营活动；依法须经批准的项目，经相关部门批准后依批准的内容开展经营活动；不得从事国家和本市产业政策禁止和限制类项目的经营活动。）
中润资源投资股份有限公司,SZ000506,中润资源投资股份有限公司,在业,92901.7761万元人民币,16,2022年报,-,91370000206951100B,L(大型),1988-05-11,山东省,济南市,历下区,1070228474@qq.com,805521184@qq.com;zrky_lq@163.com;zyky_lq@163.com,370000000000068,增值税一般纳税人,其他股份有限公司（上市）,租赁和商务服务业,商务服务业,组织管理服务,投资与资产管理,房地产,房地产开发,住宅开发,-,济南市经十路13777号中润世纪广场17栋,"四川峨眉集团股份有限公司,
四川峨眉山盐化工业（集团）股份有限公司,
山东惠邦地产股份有限公司,
山东中润投资控股集团股份有限公司",Zhongrun Resources Investment Corporation,矿产资源勘探、开发投资；矿产品加工、销售；房屋销售、租赁；公司股权投资。（依法须经批准的项目，经相关部门批准后方可开展经营活动）
广州粤泰集团股份有限公司,SH600393,广州粤泰集团股份有限公司,在业,253624.787万元人民币,88,2022年报,-,914401011906806329,M(中型),1983-06-15,广东省,广州市,越秀区,449149431@qq.com,1815503613@qq.com;28103077@qq.com;1240583124@qq.com;95309204@163.com;372519406@qq.com,440101000086242,增值税一般纳税人,股份有限公司（上市、自然人投资或控股）,房地产业,房地产业,房地产开发经营,房地产开发经营,房地产,房地产开发,住宅开发,-,广州市越秀区寺右新马路170号4楼,"广州东华实业股份有限公司,
广州东华实业公司","Guangzhou Yuetai Group Co., Ltd.",房地产开发经营;房地产中介服务;房地产咨询服务;物业管理;场地租赁（不含仓储）;房屋租赁;自有房地产经营活动;房屋建筑工程施工;企业自有资金投资;商品批发贸易（许可审批类商品除外）;非金属矿及制品批发（国家专营专控类除外）;金属及金属矿批发（国家专营专控类除外）;企业管理咨询服务;园林绿化工程服务;林木育种;林木育苗
万科企业股份有限公司,SZ000002,万科企业股份有限公司,存续,1099521.0218万元人民币,-,-,-,91440300192181490G,L(大型),1984-05-30,广东省,深圳市,盐田区,liufy@vanke.com,dingxh01@vanke.com;huangf@vanke.com;IR@vanke.com;zbfax@vanke.com,440301102900139,一般纳税人,上市股份有限公司,房地产业,房地产业,房地产开发经营,房地产开发经营,房地产,房地产开发,住宅开发,-,深圳市盐田区大梅沙环梅路33号万科中心,"深圳万科企业股份有限公司,
深圳现代企业有限公司","China Vanke Co., Ltd.",一般经营项目是:兴办实业（具体项目另行申报）;国内商业、物资供销业（不含专营、专控、专卖商品）;进出口业务（按深经发审证字第113号外贸企业审定证书规定办理）;房地产开发。
深圳市振业（集团）股份有限公司,SZ000006,深圳市振业(集团)股份有限公司,存续,134999.5046万元人民币,-,-,-,91440300618831041G,L(大型),1989-05-25,广东省,深圳市,罗湖区,zwyanny@qq.com,szzygp@126.com;284878363@qq.com,440301103341062,一般纳税人,上市股份有限公司,房地产业,房地产业,房地产开发经营,房地产开发经营,房地产,房地产开发,住宅开发,-,深圳市罗湖区桂园街道宝安南路2014号振业大厦A座31层,深圳市振业股份有限公司,"Shenzhen Zhenye(Group) Co., Ltd.",一般经营项目是：土地开发、房产销售及租赁、物业管理。
上海实业发展股份有限公司,SH600748,上海实业发展股份有限公司,存续,184456.2892万元人民币,49,2022年报,上海市黄浦区淮海中路98号金钟广场20楼,9131000013227883X9,L(大型),1996-09-19,上海市,上海市,浦东新区,Sid748@sidlgroup.com,-,310000000047164,增值税一般纳税人,股份有限公司（台港澳与境内合资、上市）,房地产业,房地产业,房地产开发经营,房地产开发经营,房地产,房地产开发,住宅开发,-,中国（上海）自由贸易试验区浦东南路1085号,上海浦东不锈薄板股份有限公司,"Shanghai Industrial Development Co., Ltd.",房地产开发、房地产经营、与房地产业务相关的信息咨询服务、国内贸易（上述经营范围不涉及前置审批项目）。【依法须经批准的项目，经相关部门批准后方可开展经营活动】
数源科技股份有限公司,SZ000909,数源科技股份有限公司,存续,45382.86万元人民币,188,2022年报,-,913300007125597931,M(中型),1999-03-31,浙江省,杭州市,西湖区,jsjzx@soyea.com.cn,zhouyp@soyea.com.cn;zuopf@soyea.com.cn,330000000044723,增值税一般纳税人,其他股份有限公司（上市）,制造业,计算机、通信和其他电子设备制造业,非专业视听设备制造,电视机制造,房地产,房地产开发,住宅开发,-,浙江省杭州市西湖区教工路1号,-,"Soyea Technology Co., Ltd.",许可项目：货物进出口（依法须经批准的项目，经相关部门批准后方可开展经营活动，具体经营项目以审批结果为准）。一般项目：电视机制造；家用电器销售；计算机软硬件及外围设备制造；计算机软硬件及辅助设备零售；通信设备制造；通信设备销售；输配电及控制设备制造；通讯设备修理；日用电器修理；电子产品销售；电子元器件批发；电子元器件制造；新能源汽车换电设施销售；汽车零部件及配件制造；智能输配电及控制设备销售；机动车充电销售；分布式交流充电桩销售；集中式快速充电站；软件开发；信息技术咨询服务；技术服务、技术开发、技术咨询、技术交流、技术转让、技术推广；塑料制品制造；模具制造；机械设备租赁；非居住房地产租赁；汽车租赁；物业管理；再生资源回收（除生产性废旧金属）；物联网技术研发；物联网应用服务；智能车载设备制造；物联网设备制造；物联网设备销售；电气信号设备装置销售；信息系统集成服务；安防设备销售；光伏设备及元器件制造；光伏设备及元器件销售；太阳能发电技术服务；配电开关控制设备制造；配电开关控制设备销售；其他电子器件制造；助动车制造；光伏发电设备租赁；智能仓储装备销售；物料搬运装备销售；物料搬运装备制造；电池制造；电池销售；蓄电池租赁；新能源汽车电附件销售；资源再生利用技术研发；机械电气设备制造；工业机器人制造；工业机器人销售；智能机器人的研发；金属材料销售；有色金属合金销售；金属矿石销售（除依法须经批准的项目外，凭营业执照依法自主开展经营活动）。
华丽家族股份有限公司,SH600503,华丽家族股份有限公司,存续,160229万元人民币,72,2022年报,上海市长宁区红宝石路500号东银中心B栋15楼,913100001581638383,S(小型),1996-10-18,上海市,上海市,奉贤区,songjingyun@deluxe-family.com,-,310000000094312,增值税一般纳税人,其他股份有限公司（上市）,金融业,资本市场服务,资本投资服务,资本投资服务,房地产,房地产开发,住宅开发,-,上海市奉贤区星火开发区阳明路1号8幢1层105室,-,"Deluxe Family Co., Ltd.",股权投资管理，实业投资，投资咨询及管理。【依法须经批准的项目，经相关部门批准后方可开展经营活动】
南京栖霞建设股份有限公司,SH600533,南京栖霞建设股份有限公司,在业,105000万元人民币,116,2022年报,南京市栖霞区马群街道仙林大道99号,91320100721702184R,L(大型),1999-12-23,江苏省,南京市,栖霞区,chixia@chixia.com,-,320100000029584,增值税一般纳税人,股份有限公司（上市）,房地产业,房地产业,-,-,房地产,房地产开发,住宅开发,-,南京市栖霞区仙林大道99号8幢,-,"Nanjing Chixia Development Co., Ltd.",住宅小区综合开发建设；商品房销售、租赁、售后服务；投资兴办实业；教育产业投资。（依法须经批准的项目，经相关部门批准后方可开展经营活动）
中天金融集团股份有限公司,SZ000540,中天金融集团股份有限公司,存续,700525.4679万元人民币,170,2022年报,-,91520000214466447K,L(大型),1994-01-08,贵州省,贵阳市,观山湖区,info@ztfgroup.com,191003764@qq.com,520000000014818,-,其他股份有限公司（上市）,房地产业,房地产业,房地产开发经营,房地产开发经营,房地产,房地产开发,住宅开发,-,贵州省贵阳市观山湖区中天路3号,"中天城投集团股份有限公司,
贵州中天（集团）股份有限公司,
世纪中天投资股份有限公司,
中天企业股份有限公司",Zhongtian Financial Group Company Limited,法律、法规、国务院决定规定禁止的不得经营；法律、法规、国务院决定规定应当许可（审批）的，经审批机关批准后凭许可（审批）文件经营;法律、法规、国务院决定规定无需许可（审批）的，市场主体自主选择经营。（金融投资；股权投资；实业投资；资产经营；产业基金、产权市场投资与管理；金融服务及研究；金融企业投资及管理、咨询；城市基础及公共设施投资管理；壹级房地产开发。）
天津天保基建股份有限公司,SZ000965,天津天保基建股份有限公司,存续,110983.0895万元人民币,30,2022年报,-,91120000700597012E,L(大型),1998-09-30,天津市,天津市,东丽区,35162253@qq.com,151012155@qq.com;18664395@qq.com;angel_19930317@126.com;tbjijian@tbjijian.com,120000000000438,增值税一般纳税人,股份有限公司（上市）,建筑业,土木工程建筑业,-,-,房地产,房地产开发,住宅开发,-,天津自贸试验区（空港经济区）西五道35号汇津广场1号楼-602,天津水泥股份有限公司,"Tianjin Tianbao Infrastructure Co., Ltd.",基础设施开发建设、经营；以自有资金对房地产进行投资；商品房销售；房地产中介服务；自有房屋租赁；物业管理；工程项目管理服务（依法须经批准的项目，经相关部门批准后方可开展经营活动）
宋都基业投资股份有限公司,SH600077,宋都基业投资股份有限公司,存续,134012.2326万元人民币,-,-,-,91330000720962064E,L(大型),1999-03-22,浙江省,杭州市,上城区,yinghao@songd.com,yinghao@songdu.com,210132000015031,增值税一般纳税人,其他股份有限公司（上市）,租赁和商务服务业,商务服务业,组织管理服务,投资与资产管理,房地产,房地产开发,住宅开发,-,浙江省杭州市富春路789号宋都大厦506室,"辽宁百科集团（控股）股份有限公司,
辽宁国能集团（控股）股份有限公司,
辽宁国能集团股份有限公司,
铁岭精工集团股份有限公司","Sundy LAND Investment Co., Ltd.",产业投资（法律法规禁止及应经审批而为获批准的项目除外），企业管理咨询及服务，电子、通讯、半导体材料技术研发，钢材、矿石、焦炭、生铁、铁合金、有色金属销售，机械设备销售及售后服务，自营和代理各类商品和技术的进出口，但国家限定公司经营或禁止进出口的商品和技术除外。
中新苏州工业园区开发集团股份有限公司,SH601512,中新苏州工业园区开发集团股份有限公司,在业,149889万元人民币,134,2022年报,-,9132000060819777X9,L(大型),1994-08-13,江苏省,苏州市,苏州工业园区,zhangj@cssd.com.cn,-,320594400000045,增值税一般纳税人,股份有限公司（外商投资、上市）,房地产业,房地产业,-,-,房地产,房地产开发,产业地产,-,苏州工业园区月亮湾路15号中新大厦48楼,"中新苏州工业园区开发股份有限公司,
中新苏州工业园区开发有限公司","CHINA-SINGAPORE Suzhou Industrial PARK Development Group Co., Ltd.",进行土地一级开发与经营、工业厂房及科研载体的开发与运营、物业管理、项目管理、酒店的经营管理、咨询服务、产业与基础设施开发；投资、举办企业；国家允许进行的其他业务活动；房地产开发与经营（不含除长租公寓以外的住宅）。（依法须经批准的项目，经相关部门批准后方可开展经营活动）
光明房地产集团股份有限公司,SH600708,光明房地产集团股份有限公司,存续,222863.6743万元人民币,168,2022年报,上海市西藏北路199号11楼,91310000132209965Q,L(大型),1993-01-04,上海市,上海市,浦东新区,tzzrx@bre600708.com,hbgf@hb600708.com,310000000015583,增值税一般纳税人,其他股份有限公司（上市）,批发和零售业,批发业,其他批发业,其他未列明批发业,房地产,房地产开发,住宅开发,-,中国（上海）自由贸易试验区临港新片区丽正路1628号9幢2层A-75室,"上海海博股份有限公司,
上海海博房地产有限公司,
上海东海股份有限公司","Bright Real Estate Group Co.,Limited",房地产开发经营，房地产经纪，企业投资，国内贸易（除国家专项外），仓储（除危险品），道路货物运输，货物运输代理。【依法须经批准的项目，经相关部门批准后方可开展经营活动】
上海外高桥集团股份有限公司,SH600648,上海外高桥集团股份有限公司,存续,113534.9124万元人民币,113,2022年报,上海市洲海路999号森兰国际B座15-16楼,91310000132226001W,L(大型),1994-12-31,上海市,上海市,浦东新区,lijun@wgq.cn,webmaster@wgqjt.com;shwgq@shwgq.com,310000400104677,增值税一般纳税人,股份有限公司（中外合资、上市）,房地产业,房地产业,房地产开发经营,房地产开发经营,房地产,房地产开发,产业地产,-,中国（上海）自由贸易试验区杨高北路889号,上海外高桥保税区开发股份有限公司,"Shanghai Waigaoqiao Free Trade Zone Group Co., Ltd.",合法取得地块内的房地产经营开发，保税区内的转口贸易、保税仓储、国际货运代理业务、外商投资项目的咨询代理、国际经贸咨询、承办海运进出口货物的国际运输代理业务，包括：揽货、订舱、仓储、中转、集装箱拼装拆箱、结算运杂费、报关、报验、保险、相关的短途运输服务及咨询业务。投资管理、建筑工程管理、停车场收费经营（限区外分支机构经营）、物业管理、房地产咨询、商务咨询、企业管理咨询（以上咨询除经纪），市场营销策划、会展会务服务。【依法须经批准的项目，经相关部门批准后方可开展经营活动】
新华联文化旅游发展股份有限公司,SZ000620,新华联文化旅游发展股份有限公司,存续,189669.042万元人民币,40,2022年报,-,91110000130232395L,L(大型),1993-06-25,北京市,北京市,通州区,2292726226@qq.com,659531069@qq.com;330426818@qq.com,230000100005468,增值税一般纳税人,其他股份有限公司（上市）,租赁和商务服务业,商务服务业,其他商务服务业,旅行社及相关服务,房地产,房地产开发,住宅开发,-,北京市通州区外郎营村北2号院2号楼8层101,"黑龙江圣方科技股份有限公司,
新华联不动产股份有限公司,
牡丹江石化集团股份有限公司","Macrolink Culturaltainment Development Co., Ltd.",文化旅游项目的运营、管理；组织文化艺术交流活动；文艺表演；旅游景区管理；公园管理；酒店管理；企业管理；承办展览展示；房地产开发；销售自行开发后的商品房；销售建筑材料、日用品、五金交电（不含电动自行车）；投资管理；物业管理；出租办公用房、出租商业用房（不得作为有形市场经营用房）；技术开发，技术转让；计算机技术培训（不得面向全国招生）；施工总承包。（市场主体依法自主选择经营项目，开展经营活动；依法须经批准的项目，经相关部门批准后依批准的内容开展经营活动；不得从事本市产业政策禁止和限制类项目的经营活动。）
中珠医疗控股股份有限公司,SH600568,中珠医疗控股股份有限公司,存续,199286.9681万元人民币,90,2022年报,-,91420000707079234K,L(大型),1994-06-27,湖北省,省直辖县级行政区划,潜江市,mail.qjzy@163.com,zzkg600568@126.com,420000000013743,增值税一般纳税人,其他股份有限公司（上市）,制造业,化学原料和化学制品制造业,专用化学产品制造,化学试剂和助剂制造,医药生物,医疗商业与服务,医疗服务,医院,湖北省潜江市章华南路特1号,中珠控股股份有限公司,"ZhongZhu Healthcare Holding Co., Ltd.",房地产开发、物业管理；实业投资、基础建设投资，投资管理；项目投资、投资控股（上述经营范围涉及审批或许可经营的凭审批件和许可证经营）；经营本企业自产产品及技术的出口业务；经营本企业生产所需的原辅材料、仪器仪表、机械设备、零配件及技术进出口业务（国家限定公司经营和国家禁止进出口商品及技术除外）；经营进料加工和“三来一补”业务；保健饮料进出口业务；诊断试剂、中药、西药、生物制品、医疗器械、营养保健品的研发、生产、销售及相关技术咨询服务；设备租赁；医疗服务；移动及远程医疗、药品及医疗器械互联网信息服务。（涉及许可经营项目，应取得相关部门许可后方可经营）
甘肃亚太实业发展股份有限公司,SZ000691,海南亚太实业发展股份有限公司,存续,32327万元人民币,8,2022年报,甘肃省兰州市城关区张掖路87号中广商务大厦17楼,91460000201263595J,M(中型),1988-02-12,甘肃省,兰州市,兰州新区,ytsy000691@163.com,www.ytsy000691@163.com;mql000691@163.com,91460000201263595J,-,股份有限公司（上市、国有控股）,房地产业,房地产业,房地产开发经营,房地产开发经营,房地产,房地产开发,住宅开发,-,甘肃省兰州市兰州新区亚太工业科技总部基地A1号楼,"海南亚太实业发展股份有限公司,
海南联合油脂科技发展股份有限公司,
海南寰岛实业股份有限公司","Gansu YATAI Industrial Developent Co., Ltd.",旅游业开发、高科技开发，日用百货、纺织品销售，建材、旅游工艺品、普通机械的批发、零售、代购代销、技术服务；农业种植；水产品销售（食品除外）；农副畜产品销售；农牧业的技术服务、咨询。（一般经营项目自主经营，许可经营项目凭相关许可证或者批准文件经营）（依法须经批准的项目，经相关部门批准后方可开展经营活动。）
光大嘉宝股份有限公司,SH600622,光大嘉宝股份有限公司,存续,149968.5402万元人民币,24,2022年报,上海市嘉定区依玛路333弄1-6号嘉宝大厦14-15F,913100001336360028,L(大型),1994-08-17,上海市,上海市,嘉定区,zhaopin@ebjb.com,jbjt_bmd@126.com,310000000031246,增值税一般纳税人,其他股份有限公司（上市）,房地产业,房地产业,房地产开发经营,房地产开发经营,房地产,房地产开发,住宅开发,-,上海市嘉定区清河路55号,上海嘉宝实业（集团）股份有限公司,"Everbright Jiabao Co., Ltd.",房地产开发经营，自有房屋租赁，投资管理，资产管理，投资咨询，实业投资，国内贸易（除专项规定），从事货物及技术的进出口业务，企业管理，企业管理咨询，照明设备的销售。【依法须经批准的项目，经相关部门批准后方可开展经营活动】
中国武夷实业股份有限公司,SZ000797,中国武夷实业股份有限公司,存续,157075.4217万元人民币,450,2022年报,-,91350000158143095K,L(大型),1992-01-31,福建省,福州市,鼓楼区,gzb@chinawuyi.com,149209564@qq.com;zhongguowuyi@163.com,350000100029637,增值税一般纳税人,股份有限公司（上市、国有控股）,建筑业,房屋建筑业,其他房屋建筑业,其他房屋建筑业,房地产,房地产开发,住宅开发,-,福建省福州市鼓楼区温泉街道五四路89号置地广场4层01店面,-,"China Wuyi Co., Ltd.",承包与其实力、规模、业绩相适应的国外工程项目，对外派遣实施上述境外工程所需的劳务人员；对外劳务合作；房屋建筑工程施工总承包；房地产综合开发；物业管理；建材、机械设备、电子产品、医疗器械、电梯的销售；电梯安装工程服务；对外贸易。（依法须经批准的项目，经相关部门批准后方可开展经营活动）
莱茵达体育发展股份有限公司,SZ000558,莱茵达体育发展股份有限公司,存续,128922.3949万元人民币,0,2022年报,四川省成都市武侯区石羊街道交子大道177号中海国际中心D座1903室,913300002434900169,S(小型),1988-03-31,四川省,成都市,武侯区,landersports@lander.com.cn,landersports@lander.com;gufen@zjlander.com,210100000006526,增值税一般纳税人,其他股份有限公司（上市）,文化、体育和娱乐业,体育,体育组织,体育竞赛组织,房地产,房地产开发,住宅开发,-,中国（四川）自由贸易试验区成都高新区府城大道西段399号10栋5楼,"莱茵达置业集团股份有限公司,
莱茵达置业股份有限公司","Lander Sports Development Co., Ltd.",一般项目：以自有资金从事投资活动；组织体育表演活动；体育场地设施经营（不含高危险性体育运动）；非居住房地产租赁；户外用品销售；非公路休闲车及零配件销售；体育用品设备出租；体育用品及器材批发；会议及展览服务；国内贸易代理；体育用品及器材零售；租赁服务（不含许可类租赁服务）；互联网销售（除销售需要许可的商品）；化工产品销售（不含许可类化工产品）；知识产权服务（专利代理服务除外）；广告发布；广告设计、代理；物业管理；信息咨询服务（不含许可类信息咨询服务）；企业管理咨询。（除依法须经批准的项目外，凭营业执照依法自主开展经营活动）
深圳市皇庭国际企业股份有限公司,SZ000056,深圳市皇庭国际企业股份有限公司,存续,117534.5368万元人民币,-,-,广东省深圳市福田区福华路350号皇庭中心28楼,914403001921790834,L(大型),1985-01-19,广东省,深圳市,福田区,huangal@wongtee000056.com,htgj@wongtee000056.com;sgs000056@163.com,440301501139855,一般纳税人,股份有限公司（中外合资、上市）,批发和零售业,批发业,纺织、服装及家庭用品批发,其他家庭用品批发,房地产,房地产服务,物业管理,-,深圳市福田区福田街道岗厦社区福华路350号岗厦皇庭大厦28A01单元,"深圳市国际企业股份有限公司,
深圳市国际企业有限公司,
深圳国际企业有限公司","Shenzhen Wongtee International Enterprise Co., Ltd.",一般经营项目是：经销日用百货、文化用品、纺织品、服装、劳保用品、家用电子产品、交通器材、五金工具、家用电器、日用美术陶瓷、家具、糖果糕点、饮料、干鲜果品、进出口业务按深贸管审证字第 012号外贸企业审定证书办理（凡属专营商品按规定办）、土产品、装饰材料、糖、工艺美术品、副食品、五金杂品。
荣安地产股份有限公司,SZ000517,荣安地产股份有限公司,存续,318392.2485万元人民币,221,2022年报,浙江省宁波市鄞州区天童南路700号19楼,913302001440685655,L(大型),1989-05-19,浙江省,宁波市,海曙区,rongan@000517.com,-,330200000013909,增值税一般纳税人,其他股份有限公司（上市）,房地产业,房地产业,房地产开发经营,房地产开发经营,房地产,房地产开发,住宅开发,-,海曙区灵桥路513号（14-12）,"成功信息产业（集团）股份有限公司,
宁波成功信息产业股份有限公司,
宁波中元股份有限公司","Rongan Property Co., Ltd.",房地产开发、经营；物业服务；房屋租赁；建筑材料、装饰材料、机械电器设备、五金交电、化工产品、制冷空调设备的批发、零售；市政工程、建筑智能化工程施工；工业与民用建筑工程；实业投资；建筑施工技术咨询、国内劳务派遣；自营和代理货物和技术的进出口，但国家限定经营或禁止进出口的货物或技术除外。
北京市大龙伟业房地产开发股份有限公司,SH600159,北京市大龙伟业房地产开发股份有限公司,存续,83000.3232万元人民币,9,2022年报,-,91110000783954328P,M(中型),1998-05-08,北京市,北京市,顺义区,sydldc@163.com,-,110000009246615,增值税一般纳税人,其他股份有限公司（上市）,房地产业,房地产业,房地产开发经营,房地产开发经营,房地产,房地产开发,住宅开发,-,北京市顺义区府前东街甲2号,-,"Beijing DALONG Weiye REAL Estate Development Co., Ltd.",房地产开发；物业管理；房地产信息咨询；销售建筑材料。（市场主体依法自主选择经营项目，开展经营活动；依法须经批准的项目，经相关部门批准后依批准的内容开展经营活动；不得从事国家和本市产业政策禁止和限制类项目的经营活动。）
上海城投控股股份有限公司,SH600649,上海城投控股股份有限公司,存续,252957.5634万元人民币,80,2022年报,虹口区吴淞路130号20楼,91310000132207927C,M(中型),1992-09-09,上海市,上海市,浦东新区,ctkg@600649sh.com,xgs@600649sh.com,310000000011872,增值税一般纳税人,股份有限公司（台港澳与境内合资、上市）,电力、热力、燃气及水生产和供应业,水的生产和供应业,自来水生产和供应,自来水生产和供应,房地产,房地产开发,住宅开发,-,上海市浦东新区北艾路1540号,上海市原水股份有限公司,"Shanghai Chengtou Holding Co., Ltd.",实业投资，原水供应，自来水开发，污水治理，污水处理及输送，给排水设施运营、维修，给排水工程建设，机电设备制造与安装，技术开发咨询和服务，饮用水及设备，饮用水工程安装及咨询服务。【依法须经批准的项目，经相关部门批准后方可开展经营活动】
重庆渝开发股份有限公司,SZ000514,重庆渝开发股份有限公司,存续,84377.0965万元人民币,131,2022年报,-,91500000202809457F,M(中型),1992-09-08,重庆市,重庆市,渝中区,jianglonghunter@vip.qq.com,540984807@qq.com,500000000005053,增值税一般纳税人,股份有限公司（上市公司）,房地产业,房地产业,房地产开发经营,房地产开发经营,房地产,房地产开发,住宅开发,-,重庆市渝中区中山三路128号投资大厦25层,重庆市房地产开发股份有限公司,"Chongqingyukaifa Co., Ltd.",许可项目：房地产开发经营。（依法须经批准的项目，经相关部门批准后方可开展经营活动，具体经营项目以相关部门批准文件或许可证件为准） 一般项目：房屋销售及租赁，房地产信息咨询，从事建筑相关业务（取得行政许可后，在行政许可核定范围内承接业务），场地租赁，受重庆市城市建设投资公司委托实施土地整治，代办拆迁，展览场馆经营管理，承办展览会（不含对外经济技术交流会），场地租赁，停车服务，酒店管理及咨询服务，销售酒店设备及酒店用品。。（除依法须经批准的项目外，凭营业执照依法自主开展经营活动）
沙河实业股份有限公司,SZ000014,沙河实业股份有限公司,存续,24204.6224万元人民币,-,-,-,914403006188016784,M(中型),1987-07-27,广东省,深圳市,南山区,ningyuhan@shumyip.com.hk,530754144@qq.com;gtl07@hotmail.com;285077317@qq.com,440301103328719,一般纳税人,上市股份有限公司,房地产业,房地产业,房地产开发经营,房地产开发经营,房地产,房地产开发,住宅开发,-,深圳市南山区白石路2222号沙河世纪楼,"华源实业（集团）股份有限公司,
深圳华源实业股份有限公司,
深圳华源磁电有限公司","Shahe Industrial Co., Ltd.","一般经营项目是:在合法取得土地使用权范围内从事房地产开发经营业务;国内商业,物资供销业（不含专营、专控、专卖商品）;兴办实业（具体项目另报）;自有物业租赁。"
我爱我家控股集团股份有限公司,SZ000560,我爱我家控股集团股份有限公司,存续,235550.0851万元人民币,59,2022年报,-,915301002165755081,L(大型),1992-11-30,云南省,昆明市,五华区,brand-research@5i5j.com,000560@kunbuy.com;grh_830@126.com,530100000007025,增值税一般纳税人,股份有限公司（上市、自然人投资或控股）,信息传输、软件和信息技术服务业,互联网和相关服务,其他互联网服务,其他互联网服务,房地产,房地产服务,房产和租赁经纪,-,昆明市东风西路1号,昆明百货大楼（集团）股份有限公司,"5i5j Holding Group Co., Ltd.",互联网技术研发和维护；信息技术开发、技术转让、技术咨询、技术服务；电子商务平台营运开发建设管理；数据处理；物流信息服务；物联网技术服务；房地产经纪业务；住房租赁经营；物业服务；建筑装修装饰工程的设计及施工；酒店管理；商场经营管理；商务信息咨询；进出口贸易；设计、制作、代理、发布各类广告（依法须经批准的项目，经相关部门批准后方可开展经营活动）
新湖中宝股份有限公司,SH600208,新湖中宝股份有限公司,存续,850894.08万元人民币,52,2022年报,浙江省杭州市西湖区西溪路128号新湖商务大厦11楼,91330000142941287T,L(大型),1993-02-23,浙江省,衢州市,柯城区,47384967@qq.com,zhouyun@600208.net;xhzb@600208.net,330000000004201,增值税一般纳税人,其他股份有限公司（上市）,批发和零售业,批发业,纺织、服装及家庭用品批发,其他家庭用品批发,房地产,房地产开发,住宅开发,-,浙江省衢州市芹江东路288号衢时代创新大厦3号楼6楼A619室,"中宝科控投资股份有限公司,
中宝戴梦得投资股份有限公司,
中宝戴梦得股份有限公司,
浙江中宝戴梦得股份有限公司,
浙江惠肯股份有限公司","Xinhu Zhongbao Co., Ltd.",煤炭（无储存）的销售。  实业投资，百货、针纺织品、五金交电、石化产品、化工产品（不含化学危险品）、家俱、电子计算机及配件、建筑材料、金属材料、木竹材、电子产品、通讯设备（不含无线）、机电设备、黄金饰品、珠宝玉器的销售，经营进出口业务，投资管理，信息咨询服务，国内广告设计制作发布，代理广告业务，电子计算机网络系统及软件的研发、技术服务，房地产中介服务。
顺发恒业股份公司,SZ000631,顺发恒业股份公司,存续,239527.9084万元人民币,4,2022年报,浙江省杭州市萧山区市心北路777号,912201012438438899,L(大型),1993-07-02,浙江省,杭州市,萧山区,sfhy@sfhy.cn,sfhy_000631@126.com,220101243843889,增值税一般纳税人,其他股份有限公司（上市）,居民服务、修理和其他服务业,居民服务业,其他居民服务业,其他居民服务业,房地产,房地产开发,住宅开发,-,浙江省杭州市萧山经济技术开发区万向创新聚能城奔竞大道2828号3幢201室,"兰宝科技信息股份有限公司,
长春兰宝实业股份有限公司",Shunfa Hengye Corporation,许可项目：供电业务；发电业务、输电业务、供（配）电业务；水力发电；建设工程施工（依法须经批准的项目，经相关部门批准后方可开展经营活动，具体经营项目以审批结果为准）。一般项目：机动车充电销售；储能技术服务；热力生产和供应；供冷服务；发电技术服务；风力发电技术服务；风电场相关系统研发；新兴能源技术研发；电力行业高效节能技术研发；余热余压余气利用技术研发；技术服务、技术开发、技术咨询、技术交流、技术转让、技术推广；新能源原动设备销售；合同能源管理；品牌管理；社会经济咨询服务；节能管理服务；太阳能发电技术服务；光伏发电设备租赁；水资源管理（除依法须经批准的项目外，凭营业执照依法自主开展经营活动）。
苏宁环球股份有限公司,SZ000718,苏宁环球股份有限公司,存续,303463.6384万元人民币,0,2022年报,-,91220000124482910C,L(大型),1993-05-10,吉林省,吉林市,吉林经济开发区,sichunli@suning.com.cn,suning@suning.com.cn,220000000089564,-,其他股份有限公司（上市）,居民服务、修理和其他服务业,居民服务业,其他居民服务业,其他居民服务业,房地产,房地产开发,住宅开发,-,吉林经济技术开发区九站街718号,吉林纸业股份有限公司,"Suning Universal Co., Ltd.",房地产开发（凭资质经营）；投资建设城市基础设施、投资教育及相关产业、投资开发高新技术项目；建材生产（凭环保许可生产）；进出口贸易（需专项审批除外）；酒店管理；经济信息咨询服务；黄金等贵金属矿投资；有色金属（含稀有金属及稀土金属）矿投资；电力投资；煤炭和石油化工产品的投资X***（依法须经批准的项目，经相关部门批准后方可开展经营活动）
海南机场设施股份有限公司,SH600515,海航基础设施投资集团股份有限公司,存续,1142530.9602万元人民币,248,2022年报,-,91460000284079688H,L(大型),1993-05-12,海南省,海口市,美兰区,lg.weng@hnair.com,qch-liu@hnair.com;ya-zheng@hnair.com;jj-zhu@hnair.com;zxgf@zhuxin.biz,460000000124560,增值税一般纳税人,其他股份有限公司（上市）,房地产业,房地产业,房地产开发经营,房地产开发经营,房地产,房地产开发,住宅开发,-,海南省海口市美兰区国兴大道5号海南大厦1#主楼42层,"海航基础设施投资集团股份有限公司,
海南海航基础设施投资集团股份有限公司,
海南海岛建设股份有限公司,
海南筑信投资股份有限公司,
第一投资招商股份有限公司,
海南第一投资招商股份有限公司","Hainan Airport Infrastructure Co., Ltd.",建设工程及房地产项目策划及咨询；项目投资可行性研究；房地产项目营销；房地产销售及信息咨询服务，房屋拆迁服务；房地产项目中介咨询服务；机场项目投资；机场改造；机场运营管理与国内外航空运输有关的地面服务；机场管理咨询服务；仓储业（非危险品）；国内外航空运输业务的技术合作及咨询服务。
中华企业股份有限公司,SH600675,中华企业股份有限公司,存续,609613.5252万元人民币,53,2022年报,上海市浦东新区浦明路1388号丰利大楼6楼,913100001323409633,L(大型),1993-10-05,上海市,上海市,静安区,zhqy@cecl.com.cn,gaohong@cecl.com.cn;zhqydm@cecl.com.cn,310000000023990,增值税一般纳税人,其他股份有限公司（上市）,房地产业,房地产业,房地产开发经营,房地产开发经营,房地产,房地产开发,住宅开发,-,上海市华山路2号,-,China Enterprise Company Limited,侨汇房、商品房设计、建造、买卖、租赁及调剂业务，各类商品住宅的配套服务，房屋装修及维修业务，建筑材料。【依法须经批准的项目，经相关部门批准后方可开展经营活动】
上海新黄浦实业集团股份有限公司,SH600638,上海新黄浦实业集团股份有限公司,存续,67339.6786万元人民币,74,2022年报,-,91310000132345908G,L(大型),1996-09-23,上海市,上海市,黄浦区,stock@600638.com,600638@600638.com;Huangyongde@163.com,310000000047244,增值税一般纳税人,股份有限公司（上市、自然人投资或控股）,房地产业,房地产业,房地产开发经营,房地产开发经营,房地产,房地产开发,住宅开发,-,上海市黄浦区北京东路668号东楼32层,"上海新黄浦置业股份有限公司,
上海黄浦房地产股份有限公司","Shanghai New Huang PU Industrial Group Co., Ltd.",房地产经营，旧危房改造，室内外建筑装潢，物业管理，房产咨询，机械设备安装（含维修），餐饮业，旅馆业；销售装潢材料、金属材料、木材、建筑材料、五金交电、百货、化工原料（除危险品）、电工器材、汽车配件。【依法须经批准的项目，经相关部门批准后方可开展经营活动】
中国国际贸易中心股份有限公司,SH600007,中国国际贸易中心股份有限公司,存续,100728.2534万元人民币,1128,2022年报,-,91110000100027884X,L(大型),1997-10-15,北京市,北京市,朝阳区,dongmi@cwtc.com,-,100000000027880,增值税一般纳税人,其他股份有限公司（上市）,批发和零售业,零售业,货摊、无店铺及其他零售业,其他未列明零售业,房地产,房地产开发,商业地产,-,北京市朝阳区建国门外大街1号,-,"China World Trade Center Co., Ltd.",许可项目：食品销售；住宿服务；房地产开发经营；酒吧服务（不含演艺娱乐活动）；餐饮服务；餐饮服务（不产生油烟、异味、废气）；烟草制品零售；生活美容服务；理发服务；洗浴服务；高危险性体育运动（游泳）；酒类经营；出版物零售。（依法须经批准的项目，经相关部门批准后方可开展经营活动，具体经营项目以相关部门批准文件或许可证件为准）一般项目：日用品销售；日用品批发；工艺美术品及收藏品零售（象牙及其制品除外）；体育用品及器材批发；服装服饰批发；服装服饰零售；化妆品零售；母婴用品销售；日用家电零售；礼品花卉销售；商业综合体管理服务；柜台、摊位出租；非居住房地产租赁；停车场服务；住房租赁；物业管理；会议及展览服务；互联网销售（除销售需要许可的商品）；广告设计、代理；广告发布；广告制作；平面设计；体育场地设施经营（不含高危险性体育运动）；健身休闲活动；托育服务（不含幼儿园、托儿所）；技术进出口；信息咨询服务（不含许可类信息咨询服务）；办公服务；单用途商业预付卡代理销售；体育竞赛组织；组织文化艺术交流活动；体育用品及器材零售；体育用品设备出租。（除依法须经批准的项目外，凭营业执照依法自主开展经营活动）（不得从事国家和本市产业政策禁止和限制类项目的经营活动。）
上海陆家嘴金融贸易区开发股份有限公司,SH600663,上海陆家嘴金融贸易区开发股份有限公司,存续,481293.1457万元人民币,55,2022年报,前滩世贸二期D栋21楼,91310000132214887Y,L(大型),1994-12-31,上海市,上海市,浦东新区,businessinfo@ljz.com.cn,service@ljz.com.cn,310000400104757,增值税一般纳税人,股份有限公司（中外合资、上市）,房地产业,房地产业,房地产开发经营,房地产开发经营,房地产,房地产开发,商业地产,-,中国（上海）自由贸易试验区浦东大道981号,-,"Shanghai Lujiazui Finance & Trade Zone Development Co., Ltd.",房地产开发、经营、销售、出租和中介；市政基础设施的开发建设；纺织品、鞋帽服装、日用百货、日用化学产品，机电设备、五金制品、数码产品、文教用品、玩具、体育器材、首饰、黄金珠宝首饰、包装服务、工艺美术品、皮革制品、鲜花、钟表、箱包、眼镜（隐形眼镜除外）、汽车装饰用品、乐器、家居用品、化妆品、家用电器用品、计算机（除计算机信息系统安全专用产品）、影像器材、通讯器材、一类医疗器材、食品（不含生猪产品）、酒类的批发佣金代理（拍卖除外）零售和进出口；音响设备租赁。【依法须经批准的项目，经相关部门批准后方可开展经营活动】
上海世茂股份有限公司,SH600823,上海世茂股份有限公司,存续,375116.8261万元人民币,16,2022年报,潍坊西路55号6楼,91310000132202878T,L(大型),1992-07-01,上海市,上海市,黄浦区,shimao@shimaogroup.com,qiping_qiang@shimaogroup.com;qiping_qiang@shimaoco.com;wennie_song@shimaoco.com;shimao@shimaoco.com,310000000010021,增值税一般纳税人,股份有限公司（中外合资、上市）,租赁和商务服务业,商务服务业,组织管理服务,投资与资产管理,房地产,房地产开发,住宅开发,-,上海市黄浦区南京西路268号,上海万象（集团）股份有限公司,"Shanghai Shimao Co., Ltd.",实业投资，房地产综合开发经营，本公司商标特许经营，酒店管理，物业管理，货物进出口及技术进出口，针纺织品，服装鞋帽，日用百货，皮革制品，玩具，钟表眼镜，照相器材，文化用品，五金交电，日用化学品，建筑装潢材料，家具，金属材料，电子产品，办公用品，机械设备，工艺美术品，计算机硬件、软件的批发、零售（拍卖除外）。【依法须经批准的项目，经相关部门批准后方可开展经营活动】
上海万业企业股份有限公司,SH600641,上海万业企业股份有限公司,存续,93062.992万元人民币,57,2022年报,浦东新区浦明路1500号万得大厦15楼,91310000132204523K,L(大型),1991-10-28,上海市,上海市,浦东新区,600641@600641.com,daixuan@600641.com.cn;xufei@600641.com.cn;600641@600641.com.cn;salim@salim.com.cn;xufei@salim.com.cn;600641@salim.som.cn,310000000007622,增值税一般纳税人,其他股份有限公司（上市）,租赁和商务服务业,商务服务业,组织管理服务,投资与资产管理,房地产,房地产开发,住宅开发,-,中国（上海）自由贸易试验区浦明路1500号12层（名义楼层15层）,"上海众城实业股份有限公司,
中远发展股份有限公司","Shanghai Wanye Enterprises Co., Ltd.",实业投资，资产经营，国内贸易（除专项规定外），钢材、木材、建筑材料、建筑五金、商务信息咨询服务，从事电子科技领域内的技术开发、技术转让、技术咨询，从事货物及技术的进出口业务，财务咨询。【依法须经批准的项目，经相关部门批准后方可开展经营活动】
华远地产股份有限公司,SH600743,华远地产股份有限公司,存续,234610.0874万元人民币,0,2022年报,-,911100001836721320,L(大型),1992-02-08,北京市,北京市,西城区,zhangzh@hy-online.com,wangcy@hy-online.com;wangxt@hy-online.com;fengyj@hy-online.com,429005000006101,一般纳税人,其他股份有限公司（上市）,房地产业,房地产业,房地产开发经营,房地产开发经营,房地产,房地产开发,住宅开发,-,北京市西城区北展北街11号华远企业中心11#楼,-,"Huay Uan Property Co., Ltd.","房地产开发、销售商品房;施工总承包、专业承包;物业管理;老旧城区危房成片改造;土地开发;出租办公用房;出租商业用房;销售建筑材料、机械电器设备、五金交电、化工产品（不含危险化学品及一类易制毒化学品）、制冷空调设备;信息咨询（不含中介服务）;货物进出口、技术进出口、代理进出口。（领取本执照后,应到市住建委取得行政许可;应到市商务委备案。企业依法自主选择经营项目,开展经营活动;依法须经批准的项目,经相关部门批准后依批准的内容开展经营活动;不得从事本市产业政策禁止和限制类项目的经营活动。）"
上海金桥出口加工区开发股份有限公司,SH600639,上海金桥出口加工区开发股份有限公司,存续,112241.2893万元人民币,137,2022年报,-,913100001322093592,L(大型),1993-10-07,上海市,上海市,浦东新区,zouta@shpdjq.com,zouta@58991818.com;quj@58991818.com,310000400062043,增值税一般纳税人,股份有限公司（中外合资、上市）,房地产业,房地产业,房地产开发经营,房地产开发经营,房地产,房地产开发,产业地产,-,中国（上海）自由贸易试验区新金桥路28号,-,"Shanghai Jinqiao Export Processing Zone Development Co., Ltd.",一般项目：在依法取得的地块上从事房地产开发、经营、销售、出租和中介（含侨汇、外汇房）；物业管理；停车场（库）经营管理；市政基础设施建设；工程承包和建筑装潢；保税仓库；仓储运输、服装、家电、办公用品、日用百货的批发；娱乐业、餐饮旅馆业（仅限分支机构）、出租车；转口贸易和各类咨询。（除依法须经批准的项目外，凭营业执照依法自主开展经营活动）
重庆市迪马实业股份有限公司,SH600565,重庆市迪马实业股份有限公司,存续,249150.6284万元人民币,4,2022年报,重庆市南岸区南滨路1891D馆4楼,9150000045041506X3,L(大型),1997-10-09,重庆市,重庆市,南岸区,zhangaiming@dongyin.com,-,500000000003695,增值税一般纳税人,股份有限公司（上市公司）,制造业,汽车制造业,低速汽车制造,低速汽车制造,房地产,房地产开发,住宅开发,-,重庆市南岸区长电路8号,-,"Dima HOLDINGS Co., Ltd.",许可项目：货物进出口，技术进出口（依法须经批准的项目，经相关部门批准后方可开展经营活动，具体经营项目以相关部门批准文件或许可证件为准） 一般项目：制造、销售运钞车、特种车及零部件（按国家行业主管部门批准的车型组织生产、销售），上述汽车售后服务；销售汽车（不含九座及以下乘用车）；经营本企业自产的机电产品出口业务（国家组织统一联合经营的出口商品除外）、本企业生产、科研所需的原辅材料、机械设备、仪器仪表及零配件的进口业务（国家实行核定公司经营的进口商品除外）；电子产品、计算机软、硬件及网络设施的技术开发及销售，计算机系统集成及网络信息服务（除国家有专项管理规定的项目外），销售建筑材料及装饰材料（不含危险化学品），工程管理服务，社会经济咨询服务，网络技术服务，健康咨询服务（不含诊疗服务），国内贸易代理（除依法须经批准的项目外，凭营业执照依法自主开展经营活动）
中房置业股份有限公司,SH600890,中房置业股份有限公司,存续,57919.4925万元人民币,18,2022年报,北京市海淀区苏州街18号院长远天地大厦C座二层,9111000024383849XF,M(中型),1993-06-12,北京市,北京市,海淀区,400124@credholding.com,600890@credholding.com;handongxue@credholding.com;zhudi@credholding.com;chenlin@credholding.com,110000006176682,一般纳税人,其他股份有限公司（上市）,房地产业,房地产业,房地产开发经营,房地产开发经营,房地产,房地产开发,商业地产,-,北京市海淀区苏州街18号院4号楼4212-3房间,"长春长铃实业股份有限公司,
长春汽油机股份有限公司","Cred Holding Co., Ltd.",房地产开发；物业管理；销售动力机械、激光打印机、数字照相机、数字式扫描仪、调制解调器；销售汽车（小轿车除外）、机械电器设备；制造动力机械、激光打印机、数字照相机、数字式扫描仪、调制解调器。（企业依法自主选择经营项目，开展经营活动；依法须经批准的项目，经相关部门批准后依批准的内容开展经营活动；不得从事本市产业政策禁止和限制类项目的经营活动。）
嘉凯城集团股份有限公司,SZ000918,嘉凯城集团股份有限公司,存续,180419.15万元人民币,6,2022年报,浙江省杭州市上城区杭州市上城区清波街道中山大厦115号中山中路407室,91430000712102806R,M(中型),1998-08-14,浙江省,杭州市,上城区,501370476@qq.com,ir000918@evergrande.com;calxon@calxon.com,330000000081509,增值税一般纳税人,其他股份有限公司（上市）,房地产业,房地产业,房地产开发经营,房地产开发经营,房地产,房地产开发,住宅开发,-,浙江省杭州市上城区惠民路56号1号楼318室,"湖南亚华控股集团股份有限公司,
湖南亚华种业股份有限公司","China Calxon Group Co., Ltd.",房地产投资，实业投资，营销策划，国内商品贸易及进出口业务，自有房屋出租，物业管理（以上涉及法律法规和国务院决定规定需报经有关部门审批的项目，取得批准后方可经营），房地产咨询，投资咨询服务。
金科地产集团股份有限公司,SZ000656,金科地产集团股份有限公司,存续,533971.5816万元人民币,278,2022年报,-,91500000202893468X,L(大型),1994-03-29,重庆市,重庆市,江北区,xiaxue1@jinke.com,46119617@qq.com;172711963@qq.com,500000000007018,一般纳税人,股份有限公司（上市公司）,房地产业,房地产业,房地产开发经营,房地产开发经营,房地产,房地产开发,住宅开发,-,重庆市江北区复盛镇正街（政府大楼）,"重庆东源产业发展股份有限公司,
重庆东源钢业股份有限公司","Jinke Property Group Co., Ltd.",一般项目：房地产开发、物业管理、机电设备安装（以上经营范围凭资质证书执业）；销售建筑、装饰材料和化工产品（不含危险化学品）、五金交电；自有房屋租赁；企业管理咨询服务，货物及技术进出口（法律、法规禁止的，不得从事经营；法律、法规限制的，取得相关许可或审批后，方可从事经营）。（除依法须经批准的项目外，凭营业执照依法自主开展经营活动）
荣丰控股集团股份有限公司,SZ000668,荣丰控股集团股份有限公司,在业,14684.19万元人民币,0,2022年报,-,91310000300253536H,M(中型),1992-08-08,山东省,青岛市,黄岛区,qzy1013@163.com,51588063@qq.com;xiaoyu_3003@163.com;chenpinhui@163.com;henghe1920@qq.com,420100000040813,增值税一般纳税人,其他股份有限公司（上市）,房地产业,房地产业,房地产开发经营,房地产开发经营,房地产,房地产开发,住宅开发,-,山东省青岛市黄岛区庐山路6号名嘉国际1号楼2202室,"中国石化武汉石油（集团）股份有限公司,
武汉石油集团股份有限公司","Rongfeng Holding Group Co., Ltd.",许可项目：房地产开发经营；住宅室内装饰装修；施工专业作业。（依法须经批准的项目，经相关部门批准后方可开展经营活动，具体经营项目以相关部门批准文件或许可证件为准）一般项目：住房租赁；非居住房地产租赁；土地使用权租赁；物业管理；建筑物清洁服务；园林绿化工程施工；以自有资金从事投资活动；以私募基金从事股权投资、投资管理、资产管理等活动（须在中国证券投资基金业协会完成登记备案后方可从事经营活动）。（除依法须经批准的项目外，凭营业执照依法自主开展经营活动）
三湘印象股份有限公司,SZ000863,三湘印象股份有限公司,存续,118069.956万元人民币,6,2022年报,-,913100002437770094,L(大型),1994-01-20,上海市,上海市,杨浦区,ruirui@sxgf.com,-,-,增值税一般纳税人,其他股份有限公司（上市）,科学研究和技术服务业,专业技术服务业,工业与专业设计及其他专业技术服务,其他未列明专业技术服务业,房地产,房地产开发,住宅开发,-,上海市杨浦区逸仙路333号501室,"三湘股份有限公司,
深圳和光现代商务股份有限公司","Sanxiang Impression Co., Ltd.",一般项目：工程技术服务（规划管理、勘察、设计、监理除外）；工程管理服务；工程造价咨询业务；规划设计管理；专业设计服务；电影制片；组织文化艺术交流活动；广告设计、代理；广告制作；广告发布；旅游开发项目策划咨询；名胜风景区管理；游览景区管理；园区管理服务；票务代理服务；文艺创作；会议及展览服务；数字内容制作服务（不含出版发行）；数字创意产品展览展示服务；数字广告设计、代理；数字广告制作；数字广告发布；数字文化创意内容应用服务；数字技术服务；音响设备销售；文化用品设备出租；工艺美术品及收藏品零售（象牙及其制品除外）；摄像及视频制作服务；图文设计制作；国内贸易代理；技术服务、技术开发、技术咨询、技术交流、技术转让、技术推广；信息咨询服务（不含许可类信息咨询服务）；信息技术咨询服务；企业形象策划；企业管理咨询；货物进出口；技术进出口。（除依法须经批准的项目外，凭营业执照依法自主开展经营活动）许可项目：房地产开发经营；建设工程施工；建筑智能化系统设计；电影发行；广播电视节目制作经营；演出场所经营；演出经纪；旅游业务；营业性演出；舞台工程施工。（依法须经批准的项目，经相关部门批准后方可开展经营活动，具体经营项目以相关部门批准文件或许可证件为准）
保利发展控股集团股份有限公司,SH600048,保利发展控股集团股份有限公司,在业,1197044.3418万元人民币,67452,2022年报,-,91440101741884392G,L(大型),1992-09-14,广东省,广州市,海珠区,ds741884392@unit.gzemail.com,ds741884392@unit.gzemail.cn,440101000010262,增值税一般纳税人,股份有限公司（上市、自然人投资或控股）,租赁和商务服务业,商务服务业,-,-,房地产,房地产开发,住宅开发,-,广州市海珠区阅江中路832号保利发展广场53-59层,"保利房地产（集团）股份有限公司,
保利房地产股份有限公司,
广州保利房地产开发公司","Poly Developments and Holdings Group Co., Ltd.",房地产开发经营;物业管理;房屋租赁;建筑物拆除（不含爆破作业）;房屋建筑工程设计服务;铁路、道路、隧道和桥梁工程建筑;建筑工程后期装饰、装修和清理;土石方工程服务;建筑物空调设备、通风设备系统安装服务;酒店管理;商品批发贸易（许可审批类商品除外）;商品零售贸易（许可审批类商品除外）
西藏城市发展投资股份有限公司,SH600773,西藏城市发展投资股份有限公司,存续,81966.0744万元人民币,19,2022年报,-,91540000219664071B,L(大型),1996-10-25,西藏自治区,拉萨市,拉萨经济技术开发区,xzct600773@163.com,1102185277@qq.com,540000100003419,-,其他股份有限公司（上市）,批发和零售业,批发业,其他批发业,-,房地产,房地产开发,住宅开发,-,西藏自治区拉萨市经济开发区博达路A1-10金泰集团办公楼第三层311室,"西藏雅砻藏药股份有限公司,
西藏金珠股份有限公司","Tibet Urban Development and Investment Co., Ltd.",对矿业、金融、实业的投资（不具体从事以上经营项目）；建材销售；建筑工程咨询；百货的销售（包括日用百货、服装服饰、皮革制品、鞋帽、洗涤用品、化妆品、护肤用品、摄影器材、玩具、音响设备及器材）；预包装食品、金银珠宝、家具、烟、酒的销售。【依法须经批准的项目，经相关部门批准后方可开展经营活动】
上海同达创业投资股份有限公司,SH600647,上海同达创业投资股份有限公司,存续,13914.355万元人民币,17,2022年报,商城路660号21楼,913100001322023175,S(小型),1991-07-27,上海市,上海市,浦东新区,600647@shtdcy.com,-,310000000007204,增值税一般纳税人,其他股份有限公司（上市）,租赁和商务服务业,商务服务业,组织管理服务,投资与资产管理,金融,多元金融,资产管理,-,中国（上海）自由贸易试验区金新路58号2405-2411室,"上海粤海企业发展股份有限公司,
上海新亚快餐食品股份有限公司","Shanghai Tongda Venture CAPITAL Co., Ltd.",许可项目：电气安装服务；建筑智能化系统设计。（依法须经批准的项目，经相关部门批准后方可开展经营活动，具体经营项目以相关部门批准文件或许可证件为准）一般项目：投资管理；以自有资金从事投资活动；自有资金投资的资产管理服务；国内贸易代理；技术服务、技术开发、技术咨询、技术交流、技术转让、技术推广；碳减排、碳转化、碳捕捉、碳封存技术研发；节能管理服务；运行效能评估服务；合同能源管理；在线能源计量技术研发；在线能源监测技术研发；制冷、空调设备销售；电子元器件与机电组件设备销售；机械设备研发；机械设备销售；物联网技术研发；物联网技术服务；物联网应用服务；软件开发；计算机系统服务；信息系统集成服务；工程技术服务（规划管理、勘察、设计、监理除外）；工程管理服务；室内空气污染治理；普通机械设备安装服务。（除依法须经批准的项目外，凭营业执照依法自主开展经营活动）
北京首都开发股份有限公司,SH600376,北京首都开发股份有限公司,存续,257956.5242万元人民币,28,2022年报,-,91110000101309074C,L(大型),1993-12-29,北京市,北京市,东城区,cbud@cbud.com.cn,bcdc@bcdh.com.cn,110000005020731,一般纳税人,其他股份有限公司（上市）,房地产业,房地产业,房地产开发经营,房地产开发经营,房地产,房地产开发,住宅开发,-,北京市东城区安定门外大街189号一层103B,北京天鸿宝业房地产股份有限公司,"Beijing Capital Development Co., Ltd.",房地产开发、商品房销售；房屋租赁；建筑工程咨询；室内外装饰装璜；技术开发、技术服务；销售自行开发的产品；购销建筑材料、化工轻工材料、工艺美术品、家具、机械电器设备（汽车除外）、五金交电、纺织品、百货、计算机软硬件、日用杂品；经贸信息咨询；劳务服务。（市场主体依法自主选择经营项目，开展经营活动；依法须经批准的项目，经相关部门批准后依批准的内容开展经营活动；不得从事国家和本市产业政策禁止和限制类项目的经营活动。）
冠城大通股份有限公司,SH600067,冠城大通股份有限公司,存续,139166.8739万元人民币,55,2022年报,福州市仓山区浦下洲路5号冠城大通广场1号楼C区,91350000158166190Y,L(大型),1988-04-03,福建省,福州市,马尾区,gcdt@gcdt.net,-,350000400000309,增值税一般纳税人,其他股份有限公司（上市）,制造业,电气机械和器材制造业,电机制造,发电机及发电机组制造,房地产,房地产开发,住宅开发,-,福州市开发区快安延伸区创新楼,福州大通机电股份有限公司,"Citychamp Dartong Co., Ltd.",对外贸易；电器机械及器材，自动化仪表及系统制造、维修、销售，有色金属材料加工；五金、交电的批发、零售；房地产开发。（依法须经批准的项目，经相关部门批准后方可开展经营活动）
深圳市物业发展（集团）股份有限公司,SZ000011,深圳市物业发展(集团)股份有限公司,存续,59597.9092万元人民币,-,-,-,91440300192174135N,L(大型),1983-01-17,广东省,深圳市,罗湖区,000011touzizhe@szwuye.com.cn,-,440301103570124,一般纳税人,上市股份有限公司,房地产业,房地产业,房地产开发经营,房地产开发经营,房地产,房地产开发,住宅开发,-,"深圳市罗湖区人民南路国贸大厦39,42层",深圳市物业发展总公司,Shenzhen Properties & Resources Development (Group) Ltd.,一般经营项目是：房产地开发及商品房销售，商品楼宇的建筑、管理，房屋租赁，建设监理。国内商业、物资供销业（不含专营、专卖、专控商品）。
金地（集团）股份有限公司,SH600383,金地(集团)股份有限公司,存续,451458.3572万元人民币,-,-,-,914403001921816342,L(大型),1988-01-20,广东省,深圳市,福田区,ir@gemdale.com,yinyy@gemdale.com,440301103379518,一般纳税人,上市股份有限公司,房地产业,房地产业,房地产开发经营,房地产开发经营,房地产,房地产开发,住宅开发,-,深圳市福田区福田街道岗厦社区深南大道2007号金地中心32层,"金地实业开发总公司,
深圳市金地实业开发总公司,
深圳市福田区金地实业开发公司,
深圳市福田区工业村建设服务公司,
深圳市上步区工业村建设服务公司",Gemdale Corporation,一般经营项目是:从事房地产开发经营业务;兴办各类实体（ 具体项目需另报 ）;经营进出口业务;信息咨询（不含限制项目）。
新城控股集团股份有限公司,SH601155,新城控股集团股份有限公司,在业,225562.2856万元人民币,41,2022年报,-,913204002508323014,L(大型),1996-06-30,江苏省,常州市,武进区,huangdong@xincheng.com,yinyeyu@xincheng.com;zhouya@xincheng.com;jiangyl@xincheng.com;330382763@qq.com,320483000091688,增值税一般纳税人,股份有限公司（上市）,房地产业,房地产业,房地产开发经营,房地产开发经营,房地产,房地产开发,商业地产,-,常州市武进高新区西湖路1号,"新城控股集团有限公司,
江苏新城实业集团有限公司","Seazen Holdings Co., Ltd.",房地产开发。实业投资；室内外装璜，托管范围内房屋及配套设施和场地的管理、维修、服务；公路工程施工；桥梁工程；国内贸易；市场调查服务；信息咨询。（依法须经批准的项目，经相关部门批准后方可开展经营活动）
奥园美谷科技股份有限公司,SZ000615,京汉实业投资集团股份有限公司,存续,76297.9719万元人民币,0,2022年报,-,914200007070951895,L(大型),1993-06-08,湖北省,襄阳市,樊城区,aymgzgzx@aoyuanbeauty.com,linhui@kinghand.com.cn;1542431990@qq.com,420000000029688,增值税一般纳税人,股份有限公司（上市、自然人投资或控股）,制造业,化学纤维制造业,纤维素纤维原料及纤维制造,人造纤维（纤维素纤维）制造,医药生物,医疗商业与服务,医疗服务,-,湖北省襄阳市樊城区陈家湖,"京汉实业投资集团股份有限公司,
京汉实业投资股份有限公司,
湖北金环股份有限公司","Aoyuan Beauty Valley Technology Co., Ltd.",许可项目：医疗美容服务；第三类医疗器械经营；化妆品生产；生活美容服务；第二类医疗器械生产；第三类医疗器械生产（依法须经批准的项目，经相关部门批准后方可开展经营活动，具体经营项目以相关部门批准文件或许可证件为准）一般项目：健康咨询服务（不含诊疗服务）；化妆品零售；化妆品批发；技术服务、技术开发、技术咨询、技术交流、技术转让、技术推广；新材料技术推广服务；医学研究和试验发展；以自有资金从事投资活动；园区管理服务；国内货物运输代理；第二类医疗器械销售；纤维素纤维原料及纤维制造；技术进出口；生物基材料制造；生物基材料销售；货物进出口；新型膜材料制造；新型膜材料销售；非居住房地产租赁；高性能纤维及复合材料销售；高性能纤维及复合材料制造；合成纤维制造；第一类医疗器械销售；第一类医疗器械生产；企业管理咨询（除许可业务外，可自主依法经营法律法规非禁止或限制的项目）
北京万通新发展集团股份有限公司,SH600246,北京万通地产股份有限公司,存续,205400.9302万元人民币,122,2022年报,-,91110000633715962Q,M(中型),1998-12-30,北京市,北京市,海淀区,vantone@vantone.com,guying@vantone.com,110000005200607,增值税一般纳税人,其他股份有限公司（上市）,科学研究和技术服务业,科技推广和应用服务业,其他科技推广服务业,其他科技推广服务业,房地产,房地产开发,住宅开发,-,北京市海淀区农大南路1号院9号楼5层501-551,"北京万通地产股份有限公司,
北京万通先锋置业股份有限公司,
北京先锋置业股份有限公司,
北京先锋粮农实业股份有限公司","Vantone Neo Development Group Co., Ltd.",智慧城市、智慧楼宇、数字科技、智能科技、智慧系统的技术服务、技术开发；软件开发；数据处理（数据处理中的银行卡中心、PUE值在1.4以上的云计算数据中心除外）；大数据服务；信息系统集成服务；房地产开发；销售商品房；停车场建设及经营管理；信息咨询（不含中介）；技术咨询；劳务派遣；投资；投资管理；资产管理；互联网信息服务；第一类增值电信业务；网络文化经营。（市场主体依法自主选择经营项目，开展经营活动；依法须经批准的项目，经相关部门批准后依批准的内容开展经营活动；不得从事国家和本市产业政策禁止和限制类项目的经营活动。）
天地源股份有限公司,SH600665,天地源股份有限公司,在业,86412.2521万元人民币,79,2022年报,西安市高新技术产业开发区科技路33号高新国际商务中心数码大厦27层,9131000013221887XY,L(大型),1992-12-21,陕西省,西安市,雁塔区,yuanhuili@tandi.cn,yuanhuili@tande.cn,310000000014943,增值税一般纳税人,股份有限公司（上市、国有控股）,房地产业,房地产业,房地产开发经营,房地产开发经营,房地产,房地产开发,住宅开发,-,西安市高新区丈八街办科技路33号高新国际商务中心数码大厦12701室,上海沪昌特殊钢股份有限公司,"Tande Co., Ltd.",一般项目：非居住房地产租赁；住房租赁；物业管理；以自有资金从事投资活动；国内贸易代理；房地产咨询。（除依法须经批准的项目外，凭营业执照依法自主开展经营活动）许可项目：房地产开发经营。（依法须经批准的项目，经相关部门批准后方可开展经营活动，具体经营项目以审批结果为准）
上海张江高科技园区开发股份有限公司,SH600895,上海张江高科技园区开发股份有限公司,存续,154868.955万元人民币,89,2022年报,上海市松涛路560号17层,913100001322632162,M(中型),1996-04-18,上海市,上海市,浦东新区,investors@600895.com,-,310000000043546,增值税一般纳税人,股份有限公司（上市、国有控股）,房地产业,房地产业,房地产开发经营,房地产开发经营,房地产,房地产开发,产业地产,-,中国（上海）自由贸易试验区春晓路289号802室,-,"Shanghai Zhangjiang Hi-Tech Park Development Co., Ltd.",许可项目：房地产开发经营。（依法须经批准的项目，经相关部门批准后方可开展经营活动，具体经营项目以相关部门批准文件或许可证件为准）一般项目：以自有资金从事投资活动；投资管理；自有资金投资的资产管理服务；企业总部管理；非居住房地产租赁；住房租赁；本市范围内公共租赁住房的建设、租赁经营管理；土地整治服务；土地使用权租赁；园区管理服务；创业空间服务；物业管理；酒店管理；停车场服务；商业综合体管理服务；体育场地设施经营（不含高危险性体育运动）；市政设施管理；工程管理服务；信息系统集成服务；云计算装备技术服务；人工智能公共服务平台技术咨询服务；人工智能双创服务平台；集成电路销售；集成电路设计；工程和技术研究和试验发展；社会经济咨询服务；科技中介服务；市场营销策划；企业管理咨询；信息咨询服务（不含许可类信息咨询服务）；普通机械设备安装服务；机械设备销售；电子专用设备销售；建筑材料销售；租赁服务（不含许可类租赁服务）；房屋拆迁服务；国内贸易代理；销售代理；货物进出口；技术进出口；技术服务、技术开发、技术咨询、技术交流、技术转让、技术推广；人工智能公共数据平台。（除依法须经批准的项目外，凭营业执照依法自主开展经营活动）
阳光城集团股份有限公司,SZ000671,阳光城集团股份有限公司,存续,405007.3315万元人民币,0,2022年报,福建省福州市台江区IFC国际金融中心,91350000158164371W,L(大型),1991-08-12,福建省,福州市,马尾区,wuxia19@yango.com.cn,lqh@yango.com.cn;jiangxj@yango.com.cn;zhengfan@yango.com.cn,350000100012308,增值税一般纳税人,股份有限公司（上市、国有控股）,批发和零售业,批发业,农、林、牧、渔产品批发,其他农牧产品批发,房地产,房地产开发,住宅开发,-,福州市经济技术开发区星发路8号,"福建省石狮新发股份有限公司,
福建阳光实业发展股份有限公司","Yango Group Co., Ltd.",对外贸易（不含国家禁止、限制的商品和技术）；电力生产，代购代销电力产品和设备；电子通信技术开发，生物技术产品开发，农业及综合技术开发；基础设施开发、房地产开发；家用电器及电子产品、机械电子设备、五金交电、建筑材料、百货、针纺织品、化工产品（不含危险化学品及易制毒化学品）、重油（不含成品油）、润滑油、燃料油（不含成品油）、金属材料的批发、零售；化肥的销售；对医疗业的投资及管理；批发兼零售预包装食品；企业管理咨询服务。（依法须经批准的项目，经相关部门批准后方可开展经营活动）
杭州滨江房产集团股份有限公司,SZ002244,杭州滨江房产集团股份有限公司,存续,311144.389万元人民币,57,2022年报,-,91330000719577660B,L(大型),1996-08-22,浙江省,杭州市,上城区,office@binjiang.com.cn,376753865@qq.com,330000000027853,增值税一般纳税人,其他股份有限公司（上市）,房地产业,房地产业,房地产开发经营,房地产开发经营,房地产,房地产开发,住宅开发,-,杭州市庆春东路38号,-,"Hangzhou Binjiang Real Estate Group Co., Ltd.",房地产开发，房屋建筑，商品房销售，水电安装，室内外装璜。
新大正物业集团股份有限公司,SZ002968,新大正物业集团股份有限公司,存续,22775.9683万元人民币,3814,2022年报,重庆市渝中区虎踞路78号重庆总部城10号楼,915001032030285054,L(大型),1998-12-10,重庆市,重庆市,渝中区,wengjl@dzwy.com,dzwy@163.com;xdz@dzwy.com;578376446@qq.com,500103000003998,一般纳税人,股份有限公司（上市公司）,房地产业,房地产业,物业管理,物业管理,房地产,房地产服务,物业管理,-,重庆市渝中区虎踞路78号1-1#,"重庆新大正物业集团股份有限公司,
重庆大正物业管理有限公司","New DaZheng Property Group Co., Ltd.",许可项目：劳务派遣服务，餐饮服务，城市生活垃圾经营性服务，特种设备安装改造修理，职业中介活动，城市建筑垃圾处置（清运），公路管理与养护，通用航空服务，住宿服务，汽车租赁，印刷品装订服务，建设工程施工，施工专业作业，建设工程设计；住宅室内装饰装修；高危险性体育运动（游泳）。（依法须经批准的项目，经相关部门批准后方可开展经营活动，具体经营项目以相关部门批准文件或许可证件为准） 一般项目：物业管理服务壹级（凭资质许可证从事经营）；物业管理咨询；建筑物及设施设备运行维修管理；市政设施养护维修管理；城市园林绿化工程设计、施工（凭资质许可证从事经营）及养护；停车服务；会议及展览服务；室内外保洁服务；家政服务；餐饮管理；洗衣；化粪池清掏；有害生物防治；网站建设，礼仪服务，航空商务服务，日用百货销售，人力资源服务（不含职业中介活动、劳务派遣服务），建筑物清洁服务，城乡市容管理，市政设施管理，工程管理服务，节能管理服务，安全系统监控服务，航空运营支持服务，航空运输货物打包服务，装卸搬运，专业保洁、清洗、消毒服务，护理机构服务（不含医疗服务），酒店管理，住房租赁，固体废物治理，污水处理及其再生利用，文化场馆管理服务，环保咨询服务，锅炉化学清洗，供暖服务，管道运输设备销售，体育赛事策划，水资源管理，水污染治理，软件开发，计算机系统服务，信息系统集成服务，信息系统运行维护服务，花卉绿植租借与代管理，单位后勤管理服务，病人陪护服务，体育用品及器材零售，信息技术咨询服务，医院管理，白蚁防治服务，机械设备租赁，运输设备租赁服务，环境卫生公共设施安装服务，停车场服务，消防技术服务，安全咨询服务，名胜风景区管理，养老服务，城市公园管理，洗染服务，技术服务、技术开发、技术咨询、技术交流、技术转让、技术推广，交通设施维修，仪器仪表修理，普通机械设备安装服务，体育场地设施经营（不含高危险性体育运动）；环境应急治理服务；企业管理；土地调查评估服务；包装服务；社会经济咨询服务。（除依法须经批准的项目外，凭营业执照依法自主开展经营活动）
广东世荣兆业股份有限公司,SZ002016,广东世荣兆业股份有限公司,在业,80909.5632万元人民币,13,2022年报,-,914404001925966617,L(大型),2000-12-28,广东省,珠海市,斗门区,shirongzhaoye@sohu.com,sr0023@gdsrzy.com,440000000011199,增值税一般纳税人,股份有限公司（上市、自然人投资或控股）,建筑业,房屋建筑业,-,-,房地产,房地产开发,住宅开发,-,珠海市斗门区井岸镇珠峰大道288号一区17号楼,广东威尔医学科技股份有限公司,"Guangdong Shirong Zhaoye Co., Ltd.",房地产开发经营；房产租赁；建筑材料销售、日用品、电器 、机械产品的批发零售。（依法须经批准的项目，经相关部门批准后方可开展经营活动）
荣盛房地产发展股份有限公司,SZ002146,荣盛房地产发展股份有限公司,存续,434816.3851万元人民币,101,2022年报,-,911310002360777257,L(大型),1996-12-30,河北省,廊坊市,廊坊经济技术开发区,risesunoffice@163.com,-,130000000002350,增值税一般纳税人,其他股份有限公司（上市）,房地产业,房地产业,房地产开发经营,房地产开发经营,房地产,房地产开发,住宅开发,-,廊坊经济技术开发区祥云道81号荣盛发展大厦,-,"RiseSun Real Estate Development Co., Ltd.",房地产开发与经营（一级）。
深圳世联行集团股份有限公司,SZ002285,深圳世联行集团股份有限公司,存续,203357.9072万元人民币,0,2022年报,-,91440300618867554R,L(大型),1993-04-13,广东省,深圳市,罗湖区,zoujuh@worldunion.com.cn,baochunl@worldunion.com.cn;juxq@worldunion.com.cn;liust2@worldunion.com.cn;lanyin_004@126.com,440301501120135,一般纳税人,股份有限公司（台港澳与境内合资、上市）,房地产业,房地产业,房地产中介服务,房地产中介服务,房地产,房地产服务,房产和租赁经纪,-,深圳市罗湖区深南东路2028号罗湖商务中心12楼,"深圳世联行地产顾问股份有限公司,
深圳世联地产顾问股份有限公司,
世联地产顾问（深圳）有限公司,
世联房地产咨询服务（深圳）有限公司",Shenzhen Worldunion Group Incorporated,一般经营项目是：房地产咨询、房地产代理、房地产经纪、物业管理。
合肥城建发展股份有限公司,SZ002208,合肥城建发展股份有限公司,存续,80329.1894万元人民币,172,2022年报,-,913401007139651607,L(大型),1999-09-07,安徽省,合肥市,蜀山区,hucdtf@sina.com,-,340100000080325,一般纳税人,股份有限公司（上市、国有控股）,房地产业,房地产业,房地产开发经营,房地产开发经营,房地产,房地产开发,住宅开发,-,合肥市蜀山区潜山路100号琥珀五环城和颂阁1幢201,-,"Hefei Urban Construction Development Co., Ltd.",房地产开发及商品房销售、租赁、售后服务、城市基础设施及公用设施项目开发和经营；建材产品开发、生产、销售；工业、民用建筑技术咨询；室内装饰（以上项目需要许可证的一律凭证经营）
南国置业股份有限公司,SZ002305,南国置业股份有限公司,存续,173421.577万元人民币,194,2022年报,-,914201007071989703,L(大型),1998-07-27,湖北省,武汉市,武昌区,576806934@qq.com,-,420100000009433,增值税一般纳税人,股份有限公司（上市、自然人投资或控股）,房地产业,房地产业,房地产租赁经营,房地产租赁经营,房地产,房地产开发,商业地产,-,武汉市武昌区南湖中央花园会所,武汉南国置业股份有限公司,"Langold Real Estate Co., Ltd.",许可项目：房地产开发经营；建设工程施工；建设工程设计（依法须经批准的项目，经相关部门批准后方可开展经营活动，具体经营项目以相关部门批准文件或许可证件为准）一般项目：非居住房地产租赁；物业管理；新型建筑材料制造（不含危险化学品）；建筑材料销售；建筑装饰材料销售；园林绿化工程施工；以自有资金从事投资活动；住房租赁（除依法须经批准的项目外，凭营业执照依法自主开展经营活动）
湖北国创高新材料股份有限公司,SZ002377,湖北国创高新材料股份有限公司,存续,91632.5201万元人民币,78,2022年报,-,91420000737132913D,M(中型),2002-03-25,湖北省,武汉市,江夏区,hb_guochuanggaoxin@qq.com,gc002377@163.com;cbmb@public.wh.hb.cn,420000000002401,增值税一般纳税人,其他股份有限公司（上市）,制造业,非金属矿物制品业,砖瓦、石材等建筑材料制造,防水建筑材料制造,房地产,房地产服务,房产和租赁经纪,-,武汉市东湖新技术开发区武大园三路8号,-,"Hubei Guochuang Hi-tech Material Co., Ltd.","沥青系列产品的研发、生产、销售、仓储及物流；承接沥青路面工程；环保工程技术开发及应用；电子产品及相关设备的销售；计算机软件、硬件及相关网络技术的开发、设计、技术咨询和销售；企业管理咨询,房产经纪,房产信息咨询,自有物业租赁；货物进出口、技术服务、技术咨询、技术进出口（国家限制和禁止进出口的货物和技术除外）。（涉及许可经营项目，应取得相关部门许可后方可经营）"
深圳市新南山控股（集团）股份有限公司,SZ002314,深圳市新南山控股(集团)股份有限公司,存续,270778.2513万元人民币,-,-,-,91440300728551331M,L(大型),2001-04-30,广东省,深圳市,南山区,nskg@xnskg.cn,fukaiting@xnskg.cn,440301102780881,一般纳税人,股份有限公司（上市）,制造业,非金属矿物制品业,砖瓦、石材等建筑材料制造,其他建筑材料制造,房地产,房地产开发,住宅开发,-,深圳市南山区招商街道赤湾社区赤湾六路8号南山开发集团赤湾总部大厦2501,"雅致集成房屋（集团）股份有限公司,
雅致集成房屋股份有限公司,
深圳市雅致集成房屋股份有限公司,
深圳市雅致轻钢房屋系统有限公司","Shenzhen New Nanshan Holding (Group) Co., Ltd.",物业租赁，物业管理；供应链管理，物流信息咨询；投资咨询；企业管理咨询，财务咨询；经营码头及港口的货物装卸运输以及堆场、仓库及物业租赁业务，代理海上石油后勤服务；活动房屋、金属结构件、建筑材料、设备的生产（由分支机构经营）、销售、租赁及相关服务（涉及资质证的凭资质证经营）。（依法须经批准的项目，经相关部门批准后方可开展经营活动）^无
新光圆成股份有限公司,SZ002147,新光圆成股份有限公司,存续,182807.6415万元人民币,18,2022年报,-,91340500752955344U,M(中型),2003-07-25,安徽省,马鞍山市,雨山区,312479039@qq.com,dsh@masfy.com;info@xgycgroup.com;917874821@qq.com,340500000003667,一般纳税人,股份有限公司（上市、外商投资企业投资）,制造业,通用设备制造业,金属加工机械制造,其他金属加工机械制造,工业与商业服务,机械制造,通用机械,其他通用机械,安徽省马鞍山经济技术开发区超山西路,"马鞍山方圆回转支承股份有限公司,
马鞍山方圆回转支承有限责任公司",Neoglory Prosperity Inc.,生产、销售回转支承、机械设备、锻压设备；销售金属制品、建材；技术咨询服务；劳动服务；经营本企业自产产品及技术的出口业务和本企业所需的机械设备、零配件、原辅材料及技术的进口业务，但国家限定公司经营或禁止进出口的商品及技术除外；房地产开发和经营；市场开发管理、商铺租赁；建材、装饰材料批发零售；房产信息中介，装饰工程设计。（依法须经批准的项目，经相关部门批准后方可开展经营活动）
广宇集团股份有限公司,SZ002133,广宇集团股份有限公司,存续,77414.4175万元人民币,-,-,浙江省杭州市上城区南星街道龙舌路68号鹤鸣广宇大厦16楼,91330000143125150B,L(大型),2000-12-04,浙江省,杭州市,上城区,liwei@cosmosgrp.cn,631625519@qq.com;ct_gy@163.com;leafben@yahoo.com.cn,330000000027054,增值税一般纳税人,其他股份有限公司（上市）,房地产业,房地产业,房地产开发经营,房地产开发经营,房地产,房地产开发,住宅开发,-,浙江省杭州市上城区龙舌路68号鹤鸣广宇大厦1号楼1718室,-,"Cosmos Group Co., Ltd.",房地产投资、房地产开发经营、商品房销售及出租、实业投资，室内外装饰、工程技术咨询、仓储服务，建筑材料的销售。
深圳市特发服务股份有限公司,SZ300917,深圳市特发服务股份有限公司,存续,16900万元人民币,-,-,深圳市福田区香蜜湖街道香梅社区香梅北路2003号特发文创广场5层L563,914403001922285356,L(大型),1993-05-31,广东省,深圳市,福田区,linsj@tefafuwu.com,sdgs@tefafuwu.com;linsj@tefawuye.com;386211814@qq.com,440301103565243,一般纳税人,其他股份有限公司（上市）,房地产业,房地产业,物业管理,物业管理,房地产,房地产服务,物业管理,-,深圳市福田区香蜜湖街道侨香路1010号特发文创广场五楼,"深圳市特发物业管理有限公司,
深圳市特发物业管理公司","Shenzhen SDG Service Co., Ltd.",一般经营项目是：物业管理；水电工程；国内贸易；经济信息咨询；房地产经纪；为酒店提供管理服务；汽车零配件及汽车饰品的购销；自有物业租赁；园林绿化服务；绿化养护服务；花卉租摆；清洁服务；从事物业管理范围内的二次供水设施清洗消毒业务；建筑工程；投资兴办实业（具体项目另行申报）；经营电子商务。非居住房地产租赁；公共事业管理服务；医院管理；农村集体经济组织管理；市政设施管理；国内货物运输代理；运输代理（不含航空客货运代理服务和水路运输代理）；装卸搬运。业务培训（不含教育培训、职业技能培训等需取得许可的培训）；节能管理服务；合同能源管理；信息系统运行维护服务；碳减排、碳转化、碳捕捉、碳封存技术研发；通用设备修理；工程管理服务。（除依法须经批准的项目外，凭营业执照依法自主开展经营活动），许可经营项目是：游泳池经营；停车场经营；劳务派遣；餐饮服务；人力资源输出；人力资源开发与管理咨询；人才资源培训服务；企业人才的交流咨询；人力资源服务外包；人力资源管理软件；垃圾清运；道路清扫；园林设计；市政工程管理；“四害”防治；白蚁防治；环境消杀服务；城市配送运输服务（不含危险货物）。（依法须经批准的项目，经相关部门批准后方可开展经营活动，具体经营项目以相关部门批准文件或许可证件为准）
